State 0:
          start ::= * select_query_part trailing_semicolon
          select_query_part ::= * select_clause from_clause where_clause split_clause group_clause with_rollup_clause order_clause limit_clause
          select_clause ::= * SELECT select_field select_fields_extra

                        SELECT shift  3
                         start accept
             select_query_part shift  59
                 select_clause shift  40

State 1:
          select_paren ::= * LEFT_PAREN select_query_part RIGHT_PAREN
          select_union_paren ::= * select_paren
          select_union ::= * select_union_paren select_union trailing_semicolon
          select_union ::= * select_union OP_UNION select_union_paren
          select_union ::= * select_union OP_UNION OP_ALL select_union_paren
          select_union ::= * select_union OP_UNION OP_DISTINCT select_union_paren
      (9) select_union ::= *
          select_subquery_part ::= LEFT_PAREN * select_clause from_clause where_clause order_clause RIGHT_PAREN
          select_clause ::= * SELECT select_field select_fields_extra
          from_clause ::= FROM LEFT_PAREN * select_union RIGHT_PAREN alias_optional
          from_clause ::= FROM LEFT_PAREN * LITERAL RIGHT_PAREN alias_optional

                    LEFT_PAREN shift  17
                        SELECT shift  3
                       LITERAL shift  94
                  select_paren shift  137
            select_union_paren shift  4
                  select_union shift  79
                 select_clause shift  56
                     {default} reduce 9

State 2:
          select_subquery_part ::= * LEFT_PAREN select_clause from_clause where_clause order_clause RIGHT_PAREN
          select_fields_extra ::= select_fields_extra COMMA * select_field
          select_field ::= * select_subquery_part alias_optional
          select_field ::= * expression alias_optional
          select_field ::= * COLUMN_STAR
          expression ::= * OP_EXISTS select_subquery_part
          expression ::= * expression OP_EQ|OP_NE|OP_GT|OP_GTEQ|OP_LT|OP_LTEQ expression
          expression ::= * expression OP_OR|OP_AND expression
          expression ::= * expression OP_MINUS|OP_PLUS interval_expression
          expression ::= * expression OP_MULTIPLY|OP_DIVIDE expression
          expression ::= * expression OP_LIKE expression
          expression ::= * expression OP_NOT OP_LIKE expression
          expression ::= * expression OP_REGEXP expression
          expression ::= * expression OP_NOT OP_REGEXP expression
          expression ::= * expression OP_IN LEFT_PAREN expression comma_expressions_opt RIGHT_PAREN
          expression ::= * expression OP_NOT OP_IN LEFT_PAREN expression comma_expressions_opt RIGHT_PAREN
          expression ::= * expression OP_IN select_subquery_part
          expression ::= * expression OP_NOT OP_IN select_subquery_part
          expression ::= * OP_MINUS expression
          expression ::= * OP_BANG|OP_NOT expression
          expression ::= * LEFT_PAREN expression RIGHT_PAREN
          expression ::= * LITERAL LEFT_PAREN func_args RIGHT_PAREN
          expression ::= * COLUMN
          expression ::= * LITERAL
          expression ::= * QUOTED
          expression ::= * PLACEHOLDER
          expression ::= * VARIABLE
          expression ::= * AT LITERAL
          expression ::= * AT QUOTED
          expression ::= * NUMBER
          expression ::= * NULL

                        OP_NOT shift  33
                      OP_MINUS shift  26
                       OP_BANG shift  33
                    LEFT_PAREN shift  8
                   COLUMN_STAR shift  130
                       LITERAL shift  96
                        QUOTED shift  134
                        NUMBER shift  110
                     OP_EXISTS shift  54
                        COLUMN shift  148
                   PLACEHOLDER shift  118
                      VARIABLE shift  116
                            AT shift  80
                          NULL shift  100
          select_subquery_part shift  43
                  select_field shift  123
                    expression shift  21

State 3:
          select_subquery_part ::= * LEFT_PAREN select_clause from_clause where_clause order_clause RIGHT_PAREN
          select_clause ::= SELECT * select_field select_fields_extra
          select_field ::= * select_subquery_part alias_optional
          select_field ::= * expression alias_optional
          select_field ::= * COLUMN_STAR
          expression ::= * OP_EXISTS select_subquery_part
          expression ::= * expression OP_EQ|OP_NE|OP_GT|OP_GTEQ|OP_LT|OP_LTEQ expression
          expression ::= * expression OP_OR|OP_AND expression
          expression ::= * expression OP_MINUS|OP_PLUS interval_expression
          expression ::= * expression OP_MULTIPLY|OP_DIVIDE expression
          expression ::= * expression OP_LIKE expression
          expression ::= * expression OP_NOT OP_LIKE expression
          expression ::= * expression OP_REGEXP expression
          expression ::= * expression OP_NOT OP_REGEXP expression
          expression ::= * expression OP_IN LEFT_PAREN expression comma_expressions_opt RIGHT_PAREN
          expression ::= * expression OP_NOT OP_IN LEFT_PAREN expression comma_expressions_opt RIGHT_PAREN
          expression ::= * expression OP_IN select_subquery_part
          expression ::= * expression OP_NOT OP_IN select_subquery_part
          expression ::= * OP_MINUS expression
          expression ::= * OP_BANG|OP_NOT expression
          expression ::= * LEFT_PAREN expression RIGHT_PAREN
          expression ::= * LITERAL LEFT_PAREN func_args RIGHT_PAREN
          expression ::= * COLUMN
          expression ::= * LITERAL
          expression ::= * QUOTED
          expression ::= * PLACEHOLDER
          expression ::= * VARIABLE
          expression ::= * AT LITERAL
          expression ::= * AT QUOTED
          expression ::= * NUMBER
          expression ::= * NULL

                        OP_NOT shift  33
                      OP_MINUS shift  26
                       OP_BANG shift  33
                    LEFT_PAREN shift  8
                   COLUMN_STAR shift  130
                       LITERAL shift  96
                        QUOTED shift  134
                        NUMBER shift  110
                     OP_EXISTS shift  54
                        COLUMN shift  148
                   PLACEHOLDER shift  118
                      VARIABLE shift  116
                            AT shift  80
                          NULL shift  100
          select_subquery_part shift  43
                  select_field shift  63
                    expression shift  21

State 4:
          select_paren ::= * LEFT_PAREN select_query_part RIGHT_PAREN
          select_union_paren ::= * select_paren
          select_union ::= * select_union_paren select_union trailing_semicolon
          select_union ::= select_union_paren * select_union trailing_semicolon
          select_union ::= * select_union OP_UNION select_union_paren
          select_union ::= * select_union OP_UNION OP_ALL select_union_paren
          select_union ::= * select_union OP_UNION OP_DISTINCT select_union_paren
      (9) select_union ::= *

                    LEFT_PAREN shift  17
                  select_paren shift  137
            select_union_paren shift  4
                  select_union shift  38
                     {default} reduce 9

State 5:
          expression ::= * OP_EXISTS select_subquery_part
          expression ::= * expression OP_EQ|OP_NE|OP_GT|OP_GTEQ|OP_LT|OP_LTEQ expression
          expression ::= * expression OP_OR|OP_AND expression
          expression ::= * expression OP_MINUS|OP_PLUS interval_expression
          expression ::= expression OP_MINUS|OP_PLUS * interval_expression
          interval_expression ::= * INTERVAL NUMBER LITERAL
          interval_expression ::= * expression
          expression ::= * expression OP_MULTIPLY|OP_DIVIDE expression
          expression ::= * expression OP_LIKE expression
          expression ::= * expression OP_NOT OP_LIKE expression
          expression ::= * expression OP_REGEXP expression
          expression ::= * expression OP_NOT OP_REGEXP expression
          expression ::= * expression OP_IN LEFT_PAREN expression comma_expressions_opt RIGHT_PAREN
          expression ::= * expression OP_NOT OP_IN LEFT_PAREN expression comma_expressions_opt RIGHT_PAREN
          expression ::= * expression OP_IN select_subquery_part
          expression ::= * expression OP_NOT OP_IN select_subquery_part
          expression ::= * OP_MINUS expression
          expression ::= * OP_BANG|OP_NOT expression
          expression ::= * LEFT_PAREN expression RIGHT_PAREN
          expression ::= * LITERAL LEFT_PAREN func_args RIGHT_PAREN
          expression ::= * COLUMN
          expression ::= * LITERAL
          expression ::= * QUOTED
          expression ::= * PLACEHOLDER
          expression ::= * VARIABLE
          expression ::= * AT LITERAL
          expression ::= * AT QUOTED
          expression ::= * NUMBER
          expression ::= * NULL

                        OP_NOT shift  33
                      OP_MINUS shift  26
                       OP_BANG shift  33
                    LEFT_PAREN shift  32
                       LITERAL shift  96
                        QUOTED shift  134
                        NUMBER shift  110
                     OP_EXISTS shift  54
                      INTERVAL shift  83
                        COLUMN shift  148
                   PLACEHOLDER shift  118
                      VARIABLE shift  116
                            AT shift  80
                          NULL shift  100
                    expression shift  66
           interval_expression shift  128

State 6:
          select_subquery_part ::= LEFT_PAREN * select_clause from_clause where_clause order_clause RIGHT_PAREN
          select_clause ::= * SELECT select_field select_fields_extra
          expression ::= * OP_EXISTS select_subquery_part
          expression ::= * expression OP_EQ|OP_NE|OP_GT|OP_GTEQ|OP_LT|OP_LTEQ expression
          expression ::= * expression OP_OR|OP_AND expression
          expression ::= * expression OP_MINUS|OP_PLUS interval_expression
          expression ::= * expression OP_MULTIPLY|OP_DIVIDE expression
          expression ::= * expression OP_LIKE expression
          expression ::= * expression OP_NOT OP_LIKE expression
          expression ::= * expression OP_REGEXP expression
          expression ::= * expression OP_NOT OP_REGEXP expression
          expression ::= * expression OP_IN LEFT_PAREN expression comma_expressions_opt RIGHT_PAREN
          expression ::= * expression OP_NOT OP_IN LEFT_PAREN expression comma_expressions_opt RIGHT_PAREN
          expression ::= expression OP_NOT OP_IN LEFT_PAREN * expression comma_expressions_opt RIGHT_PAREN
          expression ::= * expression OP_IN select_subquery_part
          expression ::= * expression OP_NOT OP_IN select_subquery_part
          expression ::= * OP_MINUS expression
          expression ::= * OP_BANG|OP_NOT expression
          expression ::= * LEFT_PAREN expression RIGHT_PAREN
          expression ::= * LITERAL LEFT_PAREN func_args RIGHT_PAREN
          expression ::= * COLUMN
          expression ::= * LITERAL
          expression ::= * QUOTED
          expression ::= * PLACEHOLDER
          expression ::= * VARIABLE
          expression ::= * AT LITERAL
          expression ::= * AT QUOTED
          expression ::= * NUMBER
          expression ::= * NULL

                        OP_NOT shift  33
                      OP_MINUS shift  26
                       OP_BANG shift  33
                    LEFT_PAREN shift  32
                        SELECT shift  3
                       LITERAL shift  96
                        QUOTED shift  134
                        NUMBER shift  110
                     OP_EXISTS shift  54
                        COLUMN shift  148
                   PLACEHOLDER shift  118
                      VARIABLE shift  116
                            AT shift  80
                          NULL shift  100
                 select_clause shift  56
                    expression shift  25

State 7:
          select_subquery_part ::= LEFT_PAREN * select_clause from_clause where_clause order_clause RIGHT_PAREN
          select_clause ::= * SELECT select_field select_fields_extra
          expression ::= * OP_EXISTS select_subquery_part
          expression ::= * expression OP_EQ|OP_NE|OP_GT|OP_GTEQ|OP_LT|OP_LTEQ expression
          expression ::= * expression OP_OR|OP_AND expression
          expression ::= * expression OP_MINUS|OP_PLUS interval_expression
          expression ::= * expression OP_MULTIPLY|OP_DIVIDE expression
          expression ::= * expression OP_LIKE expression
          expression ::= * expression OP_NOT OP_LIKE expression
          expression ::= * expression OP_REGEXP expression
          expression ::= * expression OP_NOT OP_REGEXP expression
          expression ::= * expression OP_IN LEFT_PAREN expression comma_expressions_opt RIGHT_PAREN
          expression ::= expression OP_IN LEFT_PAREN * expression comma_expressions_opt RIGHT_PAREN
          expression ::= * expression OP_NOT OP_IN LEFT_PAREN expression comma_expressions_opt RIGHT_PAREN
          expression ::= * expression OP_IN select_subquery_part
          expression ::= * expression OP_NOT OP_IN select_subquery_part
          expression ::= * OP_MINUS expression
          expression ::= * OP_BANG|OP_NOT expression
          expression ::= * LEFT_PAREN expression RIGHT_PAREN
          expression ::= * LITERAL LEFT_PAREN func_args RIGHT_PAREN
          expression ::= * COLUMN
          expression ::= * LITERAL
          expression ::= * QUOTED
          expression ::= * PLACEHOLDER
          expression ::= * VARIABLE
          expression ::= * AT LITERAL
          expression ::= * AT QUOTED
          expression ::= * NUMBER
          expression ::= * NULL

                        OP_NOT shift  33
                      OP_MINUS shift  26
                       OP_BANG shift  33
                    LEFT_PAREN shift  32
                        SELECT shift  3
                       LITERAL shift  96
                        QUOTED shift  134
                        NUMBER shift  110
                     OP_EXISTS shift  54
                        COLUMN shift  148
                   PLACEHOLDER shift  118
                      VARIABLE shift  116
                            AT shift  80
                          NULL shift  100
                 select_clause shift  56
                    expression shift  23

State 8:
          select_subquery_part ::= LEFT_PAREN * select_clause from_clause where_clause order_clause RIGHT_PAREN
          select_clause ::= * SELECT select_field select_fields_extra
          expression ::= * OP_EXISTS select_subquery_part
          expression ::= * expression OP_EQ|OP_NE|OP_GT|OP_GTEQ|OP_LT|OP_LTEQ expression
          expression ::= * expression OP_OR|OP_AND expression
          expression ::= * expression OP_MINUS|OP_PLUS interval_expression
          expression ::= * expression OP_MULTIPLY|OP_DIVIDE expression
          expression ::= * expression OP_LIKE expression
          expression ::= * expression OP_NOT OP_LIKE expression
          expression ::= * expression OP_REGEXP expression
          expression ::= * expression OP_NOT OP_REGEXP expression
          expression ::= * expression OP_IN LEFT_PAREN expression comma_expressions_opt RIGHT_PAREN
          expression ::= * expression OP_NOT OP_IN LEFT_PAREN expression comma_expressions_opt RIGHT_PAREN
          expression ::= * expression OP_IN select_subquery_part
          expression ::= * expression OP_NOT OP_IN select_subquery_part
          expression ::= * OP_MINUS expression
          expression ::= * OP_BANG|OP_NOT expression
          expression ::= * LEFT_PAREN expression RIGHT_PAREN
          expression ::= LEFT_PAREN * expression RIGHT_PAREN
          expression ::= * LITERAL LEFT_PAREN func_args RIGHT_PAREN
          expression ::= * COLUMN
          expression ::= * LITERAL
          expression ::= * QUOTED
          expression ::= * PLACEHOLDER
          expression ::= * VARIABLE
          expression ::= * AT LITERAL
          expression ::= * AT QUOTED
          expression ::= * NUMBER
          expression ::= * NULL

                        OP_NOT shift  33
                      OP_MINUS shift  26
                       OP_BANG shift  33
                    LEFT_PAREN shift  32
                        SELECT shift  3
                       LITERAL shift  96
                        QUOTED shift  134
                        NUMBER shift  110
                     OP_EXISTS shift  54
                        COLUMN shift  148
                   PLACEHOLDER shift  118
                      VARIABLE shift  116
                            AT shift  80
                          NULL shift  100
                 select_clause shift  56
                    expression shift  64

State 9:
          group_expressions_extra ::= group_expressions_extra COMMA * group_expression
          group_expression ::= * expression alias_optional
          expression ::= * OP_EXISTS select_subquery_part
          expression ::= * expression OP_EQ|OP_NE|OP_GT|OP_GTEQ|OP_LT|OP_LTEQ expression
          expression ::= * expression OP_OR|OP_AND expression
          expression ::= * expression OP_MINUS|OP_PLUS interval_expression
          expression ::= * expression OP_MULTIPLY|OP_DIVIDE expression
          expression ::= * expression OP_LIKE expression
          expression ::= * expression OP_NOT OP_LIKE expression
          expression ::= * expression OP_REGEXP expression
          expression ::= * expression OP_NOT OP_REGEXP expression
          expression ::= * expression OP_IN LEFT_PAREN expression comma_expressions_opt RIGHT_PAREN
          expression ::= * expression OP_NOT OP_IN LEFT_PAREN expression comma_expressions_opt RIGHT_PAREN
          expression ::= * expression OP_IN select_subquery_part
          expression ::= * expression OP_NOT OP_IN select_subquery_part
          expression ::= * OP_MINUS expression
          expression ::= * OP_BANG|OP_NOT expression
          expression ::= * LEFT_PAREN expression RIGHT_PAREN
          expression ::= * LITERAL LEFT_PAREN func_args RIGHT_PAREN
          expression ::= * COLUMN
          expression ::= * LITERAL
          expression ::= * QUOTED
          expression ::= * PLACEHOLDER
          expression ::= * VARIABLE
          expression ::= * AT LITERAL
          expression ::= * AT QUOTED
          expression ::= * NUMBER
          expression ::= * NULL

                        OP_NOT shift  33
                      OP_MINUS shift  26
                       OP_BANG shift  33
                    LEFT_PAREN shift  32
                       LITERAL shift  96
                        QUOTED shift  134
                        NUMBER shift  110
                     OP_EXISTS shift  54
                        COLUMN shift  148
                   PLACEHOLDER shift  118
                      VARIABLE shift  116
                            AT shift  80
                          NULL shift  100
                    expression shift  22
              group_expression shift  112

State 10:
          order_expression ::= * expression direction_opt
          comma_order_expression_opt ::= comma_order_expression_opt COMMA * order_expression
          expression ::= * OP_EXISTS select_subquery_part
          expression ::= * expression OP_EQ|OP_NE|OP_GT|OP_GTEQ|OP_LT|OP_LTEQ expression
          expression ::= * expression OP_OR|OP_AND expression
          expression ::= * expression OP_MINUS|OP_PLUS interval_expression
          expression ::= * expression OP_MULTIPLY|OP_DIVIDE expression
          expression ::= * expression OP_LIKE expression
          expression ::= * expression OP_NOT OP_LIKE expression
          expression ::= * expression OP_REGEXP expression
          expression ::= * expression OP_NOT OP_REGEXP expression
          expression ::= * expression OP_IN LEFT_PAREN expression comma_expressions_opt RIGHT_PAREN
          expression ::= * expression OP_NOT OP_IN LEFT_PAREN expression comma_expressions_opt RIGHT_PAREN
          expression ::= * expression OP_IN select_subquery_part
          expression ::= * expression OP_NOT OP_IN select_subquery_part
          expression ::= * OP_MINUS expression
          expression ::= * OP_BANG|OP_NOT expression
          expression ::= * LEFT_PAREN expression RIGHT_PAREN
          expression ::= * LITERAL LEFT_PAREN func_args RIGHT_PAREN
          expression ::= * COLUMN
          expression ::= * LITERAL
          expression ::= * QUOTED
          expression ::= * PLACEHOLDER
          expression ::= * VARIABLE
          expression ::= * AT LITERAL
          expression ::= * AT QUOTED
          expression ::= * NUMBER
          expression ::= * NULL

                        OP_NOT shift  33
                      OP_MINUS shift  26
                       OP_BANG shift  33
                    LEFT_PAREN shift  32
                       LITERAL shift  96
                        QUOTED shift  134
                        NUMBER shift  110
                     OP_EXISTS shift  54
                        COLUMN shift  148
                   PLACEHOLDER shift  118
                      VARIABLE shift  116
                            AT shift  80
                          NULL shift  100
                    expression shift  20
              order_expression shift  104

State 11:
          group_clause ::= GROUP BY * group_expression group_expressions_extra
          group_expression ::= * expression alias_optional
          expression ::= * OP_EXISTS select_subquery_part
          expression ::= * expression OP_EQ|OP_NE|OP_GT|OP_GTEQ|OP_LT|OP_LTEQ expression
          expression ::= * expression OP_OR|OP_AND expression
          expression ::= * expression OP_MINUS|OP_PLUS interval_expression
          expression ::= * expression OP_MULTIPLY|OP_DIVIDE expression
          expression ::= * expression OP_LIKE expression
          expression ::= * expression OP_NOT OP_LIKE expression
          expression ::= * expression OP_REGEXP expression
          expression ::= * expression OP_NOT OP_REGEXP expression
          expression ::= * expression OP_IN LEFT_PAREN expression comma_expressions_opt RIGHT_PAREN
          expression ::= * expression OP_NOT OP_IN LEFT_PAREN expression comma_expressions_opt RIGHT_PAREN
          expression ::= * expression OP_IN select_subquery_part
          expression ::= * expression OP_NOT OP_IN select_subquery_part
          expression ::= * OP_MINUS expression
          expression ::= * OP_BANG|OP_NOT expression
          expression ::= * LEFT_PAREN expression RIGHT_PAREN
          expression ::= * LITERAL LEFT_PAREN func_args RIGHT_PAREN
          expression ::= * COLUMN
          expression ::= * LITERAL
          expression ::= * QUOTED
          expression ::= * PLACEHOLDER
          expression ::= * VARIABLE
          expression ::= * AT LITERAL
          expression ::= * AT QUOTED
          expression ::= * NUMBER
          expression ::= * NULL

                        OP_NOT shift  33
                      OP_MINUS shift  26
                       OP_BANG shift  33
                    LEFT_PAREN shift  32
                       LITERAL shift  96
                        QUOTED shift  134
                        NUMBER shift  110
                     OP_EXISTS shift  54
                        COLUMN shift  148
                   PLACEHOLDER shift  118
                      VARIABLE shift  116
                            AT shift  80
                          NULL shift  100
                    expression shift  22
              group_expression shift  61

State 12:
          order_clause ::= ORDER BY * order_expression comma_order_expression_opt
          order_expression ::= * expression direction_opt
          expression ::= * OP_EXISTS select_subquery_part
          expression ::= * expression OP_EQ|OP_NE|OP_GT|OP_GTEQ|OP_LT|OP_LTEQ expression
          expression ::= * expression OP_OR|OP_AND expression
          expression ::= * expression OP_MINUS|OP_PLUS interval_expression
          expression ::= * expression OP_MULTIPLY|OP_DIVIDE expression
          expression ::= * expression OP_LIKE expression
          expression ::= * expression OP_NOT OP_LIKE expression
          expression ::= * expression OP_REGEXP expression
          expression ::= * expression OP_NOT OP_REGEXP expression
          expression ::= * expression OP_IN LEFT_PAREN expression comma_expressions_opt RIGHT_PAREN
          expression ::= * expression OP_NOT OP_IN LEFT_PAREN expression comma_expressions_opt RIGHT_PAREN
          expression ::= * expression OP_IN select_subquery_part
          expression ::= * expression OP_NOT OP_IN select_subquery_part
          expression ::= * OP_MINUS expression
          expression ::= * OP_BANG|OP_NOT expression
          expression ::= * LEFT_PAREN expression RIGHT_PAREN
          expression ::= * LITERAL LEFT_PAREN func_args RIGHT_PAREN
          expression ::= * COLUMN
          expression ::= * LITERAL
          expression ::= * QUOTED
          expression ::= * PLACEHOLDER
          expression ::= * VARIABLE
          expression ::= * AT LITERAL
          expression ::= * AT QUOTED
          expression ::= * NUMBER
          expression ::= * NULL

                        OP_NOT shift  33
                      OP_MINUS shift  26
                       OP_BANG shift  33
                    LEFT_PAREN shift  32
                       LITERAL shift  96
                        QUOTED shift  134
                        NUMBER shift  110
                     OP_EXISTS shift  54
                        COLUMN shift  148
                   PLACEHOLDER shift  118
                      VARIABLE shift  116
                            AT shift  80
                          NULL shift  100
                    expression shift  20
              order_expression shift  60

State 13:
          expression ::= * OP_EXISTS select_subquery_part
          expression ::= * expression OP_EQ|OP_NE|OP_GT|OP_GTEQ|OP_LT|OP_LTEQ expression
          expression ::= * expression OP_OR|OP_AND expression
          expression ::= * expression OP_MINUS|OP_PLUS interval_expression
          expression ::= * expression OP_MULTIPLY|OP_DIVIDE expression
          expression ::= * expression OP_LIKE expression
          expression ::= * expression OP_NOT OP_LIKE expression
          expression ::= * expression OP_REGEXP expression
          expression ::= * expression OP_NOT OP_REGEXP expression
          expression ::= * expression OP_IN LEFT_PAREN expression comma_expressions_opt RIGHT_PAREN
          expression ::= * expression OP_NOT OP_IN LEFT_PAREN expression comma_expressions_opt RIGHT_PAREN
          expression ::= * expression OP_IN select_subquery_part
          expression ::= * expression OP_NOT OP_IN select_subquery_part
          expression ::= * OP_MINUS expression
          expression ::= * OP_BANG|OP_NOT expression
          expression ::= * LEFT_PAREN expression RIGHT_PAREN
          expression ::= * LITERAL LEFT_PAREN func_args RIGHT_PAREN
          expression ::= LITERAL LEFT_PAREN * func_args RIGHT_PAREN
          expression ::= * COLUMN
          expression ::= * LITERAL
          expression ::= * QUOTED
          expression ::= * PLACEHOLDER
          expression ::= * VARIABLE
          expression ::= * AT LITERAL
          expression ::= * AT QUOTED
          expression ::= * NUMBER
          expression ::= * NULL
          func_args ::= * expression comma_expressions_opt
     (80) func_args ::= *

                        OP_NOT shift  33
                      OP_MINUS shift  26
                       OP_BANG shift  33
                    LEFT_PAREN shift  32
                       LITERAL shift  96
                        QUOTED shift  134
                        NUMBER shift  110
                     OP_EXISTS shift  54
                        COLUMN shift  148
                   PLACEHOLDER shift  118
                      VARIABLE shift  116
                            AT shift  80
                          NULL shift  100
                    expression shift  24
                     func_args shift  95
                     {default} reduce 80

State 14:
          split_expressions_extra ::= split_expressions_extra COMMA * split_expression
          split_expression ::= * expression
          expression ::= * OP_EXISTS select_subquery_part
          expression ::= * expression OP_EQ|OP_NE|OP_GT|OP_GTEQ|OP_LT|OP_LTEQ expression
          expression ::= * expression OP_OR|OP_AND expression
          expression ::= * expression OP_MINUS|OP_PLUS interval_expression
          expression ::= * expression OP_MULTIPLY|OP_DIVIDE expression
          expression ::= * expression OP_LIKE expression
          expression ::= * expression OP_NOT OP_LIKE expression
          expression ::= * expression OP_REGEXP expression
          expression ::= * expression OP_NOT OP_REGEXP expression
          expression ::= * expression OP_IN LEFT_PAREN expression comma_expressions_opt RIGHT_PAREN
          expression ::= * expression OP_NOT OP_IN LEFT_PAREN expression comma_expressions_opt RIGHT_PAREN
          expression ::= * expression OP_IN select_subquery_part
          expression ::= * expression OP_NOT OP_IN select_subquery_part
          expression ::= * OP_MINUS expression
          expression ::= * OP_BANG|OP_NOT expression
          expression ::= * LEFT_PAREN expression RIGHT_PAREN
          expression ::= * LITERAL LEFT_PAREN func_args RIGHT_PAREN
          expression ::= * COLUMN
          expression ::= * LITERAL
          expression ::= * QUOTED
          expression ::= * PLACEHOLDER
          expression ::= * VARIABLE
          expression ::= * AT LITERAL
          expression ::= * AT QUOTED
          expression ::= * NUMBER
          expression ::= * NULL

                        OP_NOT shift  33
                      OP_MINUS shift  26
                       OP_BANG shift  33
                    LEFT_PAREN shift  32
                       LITERAL shift  96
                        QUOTED shift  134
                        NUMBER shift  110
                     OP_EXISTS shift  54
                        COLUMN shift  148
                   PLACEHOLDER shift  118
                      VARIABLE shift  116
                            AT shift  80
                          NULL shift  100
                    expression shift  65
              split_expression shift  120

State 15:
          split_clause ::= SPLIT BY * split_expression split_expressions_extra
          split_expression ::= * expression
          expression ::= * OP_EXISTS select_subquery_part
          expression ::= * expression OP_EQ|OP_NE|OP_GT|OP_GTEQ|OP_LT|OP_LTEQ expression
          expression ::= * expression OP_OR|OP_AND expression
          expression ::= * expression OP_MINUS|OP_PLUS interval_expression
          expression ::= * expression OP_MULTIPLY|OP_DIVIDE expression
          expression ::= * expression OP_LIKE expression
          expression ::= * expression OP_NOT OP_LIKE expression
          expression ::= * expression OP_REGEXP expression
          expression ::= * expression OP_NOT OP_REGEXP expression
          expression ::= * expression OP_IN LEFT_PAREN expression comma_expressions_opt RIGHT_PAREN
          expression ::= * expression OP_NOT OP_IN LEFT_PAREN expression comma_expressions_opt RIGHT_PAREN
          expression ::= * expression OP_IN select_subquery_part
          expression ::= * expression OP_NOT OP_IN select_subquery_part
          expression ::= * OP_MINUS expression
          expression ::= * OP_BANG|OP_NOT expression
          expression ::= * LEFT_PAREN expression RIGHT_PAREN
          expression ::= * LITERAL LEFT_PAREN func_args RIGHT_PAREN
          expression ::= * COLUMN
          expression ::= * LITERAL
          expression ::= * QUOTED
          expression ::= * PLACEHOLDER
          expression ::= * VARIABLE
          expression ::= * AT LITERAL
          expression ::= * AT QUOTED
          expression ::= * NUMBER
          expression ::= * NULL

                        OP_NOT shift  33
                      OP_MINUS shift  26
                       OP_BANG shift  33
                    LEFT_PAREN shift  32
                       LITERAL shift  96
                        QUOTED shift  134
                        NUMBER shift  110
                     OP_EXISTS shift  54
                        COLUMN shift  148
                   PLACEHOLDER shift  118
                      VARIABLE shift  116
                            AT shift  80
                          NULL shift  100
                    expression shift  65
              split_expression shift  62

State 16:
          select_paren ::= * LEFT_PAREN select_query_part RIGHT_PAREN
          select_union_paren ::= * select_paren
          select_union ::= select_union OP_UNION * select_union_paren
          select_union ::= select_union OP_UNION * OP_ALL select_union_paren
          select_union ::= select_union OP_UNION * OP_DISTINCT select_union_paren

                    LEFT_PAREN shift  17
                        OP_ALL shift  18
                   OP_DISTINCT shift  19
                  select_paren shift  137
            select_union_paren shift  142

State 17:
          select_paren ::= LEFT_PAREN * select_query_part RIGHT_PAREN
          select_query_part ::= * select_clause from_clause where_clause split_clause group_clause with_rollup_clause order_clause limit_clause
          select_clause ::= * SELECT select_field select_fields_extra

                        SELECT shift  3
             select_query_part shift  81
                 select_clause shift  40

State 18:
          select_paren ::= * LEFT_PAREN select_query_part RIGHT_PAREN
          select_union_paren ::= * select_paren
          select_union ::= select_union OP_UNION OP_ALL * select_union_paren

                    LEFT_PAREN shift  17
                  select_paren shift  137
            select_union_paren shift  144

State 19:
          select_paren ::= * LEFT_PAREN select_query_part RIGHT_PAREN
          select_union_paren ::= * select_paren
          select_union ::= select_union OP_UNION OP_DISTINCT * select_union_paren

                    LEFT_PAREN shift  17
                  select_paren shift  137
            select_union_paren shift  146

State 20:
          order_expression ::= expression * direction_opt
          direction_opt ::= * ASC
          direction_opt ::= * DESC
     (44) direction_opt ::= *
          expression ::= expression * OP_EQ|OP_NE|OP_GT|OP_GTEQ|OP_LT|OP_LTEQ expression
          expression ::= expression * OP_OR|OP_AND expression
          expression ::= expression * OP_MINUS|OP_PLUS interval_expression
          expression ::= expression * OP_MULTIPLY|OP_DIVIDE expression
          expression ::= expression * OP_LIKE expression
          expression ::= expression * OP_NOT OP_LIKE expression
          expression ::= expression * OP_REGEXP expression
          expression ::= expression * OP_NOT OP_REGEXP expression
          expression ::= expression * OP_IN LEFT_PAREN expression comma_expressions_opt RIGHT_PAREN
          expression ::= expression * OP_NOT OP_IN LEFT_PAREN expression comma_expressions_opt RIGHT_PAREN
          expression ::= expression * OP_IN select_subquery_part
          expression ::= expression * OP_NOT OP_IN select_subquery_part

                         OP_OR shift  30
                        OP_AND shift  30
                        OP_NOT shift  75
                         OP_EQ shift  37
                         OP_NE shift  37
                         OP_GT shift  37
                       OP_GTEQ shift  37
                         OP_LT shift  37
                       OP_LTEQ shift  37
                         OP_IN shift  50
                       OP_LIKE shift  29
                     OP_REGEXP shift  31
                      OP_MINUS shift  5
                       OP_PLUS shift  5
                   OP_MULTIPLY shift  27
                     OP_DIVIDE shift  27
                           ASC shift  147
                          DESC shift  145
                 direction_opt shift  109
                     {default} reduce 44

State 21:
          select_field ::= expression * alias_optional
          alias_optional ::= * AS LITERAL
          alias_optional ::= * AS QUOTED
     (20) alias_optional ::= *
          expression ::= expression * OP_EQ|OP_NE|OP_GT|OP_GTEQ|OP_LT|OP_LTEQ expression
          expression ::= expression * OP_OR|OP_AND expression
          expression ::= expression * OP_MINUS|OP_PLUS interval_expression
          expression ::= expression * OP_MULTIPLY|OP_DIVIDE expression
          expression ::= expression * OP_LIKE expression
          expression ::= expression * OP_NOT OP_LIKE expression
          expression ::= expression * OP_REGEXP expression
          expression ::= expression * OP_NOT OP_REGEXP expression
          expression ::= expression * OP_IN LEFT_PAREN expression comma_expressions_opt RIGHT_PAREN
          expression ::= expression * OP_NOT OP_IN LEFT_PAREN expression comma_expressions_opt RIGHT_PAREN
          expression ::= expression * OP_IN select_subquery_part
          expression ::= expression * OP_NOT OP_IN select_subquery_part

                         OP_OR shift  30
                        OP_AND shift  30
                        OP_NOT shift  75
                         OP_EQ shift  37
                         OP_NE shift  37
                         OP_GT shift  37
                       OP_GTEQ shift  37
                         OP_LT shift  37
                       OP_LTEQ shift  37
                         OP_IN shift  50
                       OP_LIKE shift  29
                     OP_REGEXP shift  31
                      OP_MINUS shift  5
                       OP_PLUS shift  5
                   OP_MULTIPLY shift  27
                     OP_DIVIDE shift  27
                            AS shift  76
                alias_optional shift  132
                     {default} reduce 20

State 22:
          alias_optional ::= * AS LITERAL
          alias_optional ::= * AS QUOTED
     (20) alias_optional ::= *
          group_expression ::= expression * alias_optional
          expression ::= expression * OP_EQ|OP_NE|OP_GT|OP_GTEQ|OP_LT|OP_LTEQ expression
          expression ::= expression * OP_OR|OP_AND expression
          expression ::= expression * OP_MINUS|OP_PLUS interval_expression
          expression ::= expression * OP_MULTIPLY|OP_DIVIDE expression
          expression ::= expression * OP_LIKE expression
          expression ::= expression * OP_NOT OP_LIKE expression
          expression ::= expression * OP_REGEXP expression
          expression ::= expression * OP_NOT OP_REGEXP expression
          expression ::= expression * OP_IN LEFT_PAREN expression comma_expressions_opt RIGHT_PAREN
          expression ::= expression * OP_NOT OP_IN LEFT_PAREN expression comma_expressions_opt RIGHT_PAREN
          expression ::= expression * OP_IN select_subquery_part
          expression ::= expression * OP_NOT OP_IN select_subquery_part

                         OP_OR shift  30
                        OP_AND shift  30
                        OP_NOT shift  75
                         OP_EQ shift  37
                         OP_NE shift  37
                         OP_GT shift  37
                       OP_GTEQ shift  37
                         OP_LT shift  37
                       OP_LTEQ shift  37
                         OP_IN shift  50
                       OP_LIKE shift  29
                     OP_REGEXP shift  31
                      OP_MINUS shift  5
                       OP_PLUS shift  5
                   OP_MULTIPLY shift  27
                     OP_DIVIDE shift  27
                            AS shift  76
                alias_optional shift  114
                     {default} reduce 20

State 23:
          expression ::= expression * OP_EQ|OP_NE|OP_GT|OP_GTEQ|OP_LT|OP_LTEQ expression
          expression ::= expression * OP_OR|OP_AND expression
          expression ::= expression * OP_MINUS|OP_PLUS interval_expression
          expression ::= expression * OP_MULTIPLY|OP_DIVIDE expression
          expression ::= expression * OP_LIKE expression
          expression ::= expression * OP_NOT OP_LIKE expression
          expression ::= expression * OP_REGEXP expression
          expression ::= expression * OP_NOT OP_REGEXP expression
          expression ::= expression * OP_IN LEFT_PAREN expression comma_expressions_opt RIGHT_PAREN
          expression ::= expression OP_IN LEFT_PAREN expression * comma_expressions_opt RIGHT_PAREN
          expression ::= expression * OP_NOT OP_IN LEFT_PAREN expression comma_expressions_opt RIGHT_PAREN
          expression ::= expression * OP_IN select_subquery_part
          expression ::= expression * OP_NOT OP_IN select_subquery_part
          comma_expressions_opt ::= * comma_expressions_opt COMMA expression
     (82) comma_expressions_opt ::= *

                         OP_OR shift  30
                        OP_AND shift  30
                        OP_NOT shift  75
                         OP_EQ shift  37
                         OP_NE shift  37
                         OP_GT shift  37
                       OP_GTEQ shift  37
                         OP_LT shift  37
                       OP_LTEQ shift  37
                         OP_IN shift  50
                       OP_LIKE shift  29
                     OP_REGEXP shift  31
                      OP_MINUS shift  5
                       OP_PLUS shift  5
                   OP_MULTIPLY shift  27
                     OP_DIVIDE shift  27
         comma_expressions_opt shift  78
                     {default} reduce 82

State 24:
          expression ::= expression * OP_EQ|OP_NE|OP_GT|OP_GTEQ|OP_LT|OP_LTEQ expression
          expression ::= expression * OP_OR|OP_AND expression
          expression ::= expression * OP_MINUS|OP_PLUS interval_expression
          expression ::= expression * OP_MULTIPLY|OP_DIVIDE expression
          expression ::= expression * OP_LIKE expression
          expression ::= expression * OP_NOT OP_LIKE expression
          expression ::= expression * OP_REGEXP expression
          expression ::= expression * OP_NOT OP_REGEXP expression
          expression ::= expression * OP_IN LEFT_PAREN expression comma_expressions_opt RIGHT_PAREN
          expression ::= expression * OP_NOT OP_IN LEFT_PAREN expression comma_expressions_opt RIGHT_PAREN
          expression ::= expression * OP_IN select_subquery_part
          expression ::= expression * OP_NOT OP_IN select_subquery_part
          func_args ::= expression * comma_expressions_opt
          comma_expressions_opt ::= * comma_expressions_opt COMMA expression
     (82) comma_expressions_opt ::= *

                         OP_OR shift  30
                        OP_AND shift  30
                        OP_NOT shift  75
                         OP_EQ shift  37
                         OP_NE shift  37
                         OP_GT shift  37
                       OP_GTEQ shift  37
                         OP_LT shift  37
                       OP_LTEQ shift  37
                         OP_IN shift  50
                       OP_LIKE shift  29
                     OP_REGEXP shift  31
                      OP_MINUS shift  5
                       OP_PLUS shift  5
                   OP_MULTIPLY shift  27
                     OP_DIVIDE shift  27
         comma_expressions_opt shift  97
                     {default} reduce 82

State 25:
          expression ::= expression * OP_EQ|OP_NE|OP_GT|OP_GTEQ|OP_LT|OP_LTEQ expression
          expression ::= expression * OP_OR|OP_AND expression
          expression ::= expression * OP_MINUS|OP_PLUS interval_expression
          expression ::= expression * OP_MULTIPLY|OP_DIVIDE expression
          expression ::= expression * OP_LIKE expression
          expression ::= expression * OP_NOT OP_LIKE expression
          expression ::= expression * OP_REGEXP expression
          expression ::= expression * OP_NOT OP_REGEXP expression
          expression ::= expression * OP_IN LEFT_PAREN expression comma_expressions_opt RIGHT_PAREN
          expression ::= expression * OP_NOT OP_IN LEFT_PAREN expression comma_expressions_opt RIGHT_PAREN
          expression ::= expression OP_NOT OP_IN LEFT_PAREN expression * comma_expressions_opt RIGHT_PAREN
          expression ::= expression * OP_IN select_subquery_part
          expression ::= expression * OP_NOT OP_IN select_subquery_part
          comma_expressions_opt ::= * comma_expressions_opt COMMA expression
     (82) comma_expressions_opt ::= *

                         OP_OR shift  30
                        OP_AND shift  30
                        OP_NOT shift  75
                         OP_EQ shift  37
                         OP_NE shift  37
                         OP_GT shift  37
                       OP_GTEQ shift  37
                         OP_LT shift  37
                       OP_LTEQ shift  37
                         OP_IN shift  50
                       OP_LIKE shift  29
                     OP_REGEXP shift  31
                      OP_MINUS shift  5
                       OP_PLUS shift  5
                   OP_MULTIPLY shift  27
                     OP_DIVIDE shift  27
         comma_expressions_opt shift  77
                     {default} reduce 82

State 26:
          expression ::= * OP_EXISTS select_subquery_part
          expression ::= * expression OP_EQ|OP_NE|OP_GT|OP_GTEQ|OP_LT|OP_LTEQ expression
          expression ::= * expression OP_OR|OP_AND expression
          expression ::= * expression OP_MINUS|OP_PLUS interval_expression
          expression ::= * expression OP_MULTIPLY|OP_DIVIDE expression
          expression ::= * expression OP_LIKE expression
          expression ::= * expression OP_NOT OP_LIKE expression
          expression ::= * expression OP_REGEXP expression
          expression ::= * expression OP_NOT OP_REGEXP expression
          expression ::= * expression OP_IN LEFT_PAREN expression comma_expressions_opt RIGHT_PAREN
          expression ::= * expression OP_NOT OP_IN LEFT_PAREN expression comma_expressions_opt RIGHT_PAREN
          expression ::= * expression OP_IN select_subquery_part
          expression ::= * expression OP_NOT OP_IN select_subquery_part
          expression ::= * OP_MINUS expression
          expression ::= OP_MINUS * expression
          expression ::= * OP_BANG|OP_NOT expression
          expression ::= * LEFT_PAREN expression RIGHT_PAREN
          expression ::= * LITERAL LEFT_PAREN func_args RIGHT_PAREN
          expression ::= * COLUMN
          expression ::= * LITERAL
          expression ::= * QUOTED
          expression ::= * PLACEHOLDER
          expression ::= * VARIABLE
          expression ::= * AT LITERAL
          expression ::= * AT QUOTED
          expression ::= * NUMBER
          expression ::= * NULL

                        OP_NOT shift  33
                      OP_MINUS shift  26
                       OP_BANG shift  33
                    LEFT_PAREN shift  32
                       LITERAL shift  96
                        QUOTED shift  134
                        NUMBER shift  110
                     OP_EXISTS shift  54
                        COLUMN shift  148
                   PLACEHOLDER shift  118
                      VARIABLE shift  116
                            AT shift  80
                          NULL shift  100
                    expression shift  129

State 27:
          expression ::= * OP_EXISTS select_subquery_part
          expression ::= * expression OP_EQ|OP_NE|OP_GT|OP_GTEQ|OP_LT|OP_LTEQ expression
          expression ::= * expression OP_OR|OP_AND expression
          expression ::= * expression OP_MINUS|OP_PLUS interval_expression
          expression ::= * expression OP_MULTIPLY|OP_DIVIDE expression
          expression ::= expression OP_MULTIPLY|OP_DIVIDE * expression
          expression ::= * expression OP_LIKE expression
          expression ::= * expression OP_NOT OP_LIKE expression
          expression ::= * expression OP_REGEXP expression
          expression ::= * expression OP_NOT OP_REGEXP expression
          expression ::= * expression OP_IN LEFT_PAREN expression comma_expressions_opt RIGHT_PAREN
          expression ::= * expression OP_NOT OP_IN LEFT_PAREN expression comma_expressions_opt RIGHT_PAREN
          expression ::= * expression OP_IN select_subquery_part
          expression ::= * expression OP_NOT OP_IN select_subquery_part
          expression ::= * OP_MINUS expression
          expression ::= * OP_BANG|OP_NOT expression
          expression ::= * LEFT_PAREN expression RIGHT_PAREN
          expression ::= * LITERAL LEFT_PAREN func_args RIGHT_PAREN
          expression ::= * COLUMN
          expression ::= * LITERAL
          expression ::= * QUOTED
          expression ::= * PLACEHOLDER
          expression ::= * VARIABLE
          expression ::= * AT LITERAL
          expression ::= * AT QUOTED
          expression ::= * NUMBER
          expression ::= * NULL

                        OP_NOT shift  33
                      OP_MINUS shift  26
                       OP_BANG shift  33
                    LEFT_PAREN shift  32
                       LITERAL shift  96
                        QUOTED shift  134
                        NUMBER shift  110
                     OP_EXISTS shift  54
                        COLUMN shift  148
                   PLACEHOLDER shift  118
                      VARIABLE shift  116
                            AT shift  80
                          NULL shift  100
                    expression shift  133

State 28:
          expression ::= * OP_EXISTS select_subquery_part
          expression ::= * expression OP_EQ|OP_NE|OP_GT|OP_GTEQ|OP_LT|OP_LTEQ expression
          expression ::= * expression OP_OR|OP_AND expression
          expression ::= * expression OP_MINUS|OP_PLUS interval_expression
          expression ::= * expression OP_MULTIPLY|OP_DIVIDE expression
          expression ::= * expression OP_LIKE expression
          expression ::= * expression OP_NOT OP_LIKE expression
          expression ::= expression OP_NOT OP_LIKE * expression
          expression ::= * expression OP_REGEXP expression
          expression ::= * expression OP_NOT OP_REGEXP expression
          expression ::= * expression OP_IN LEFT_PAREN expression comma_expressions_opt RIGHT_PAREN
          expression ::= * expression OP_NOT OP_IN LEFT_PAREN expression comma_expressions_opt RIGHT_PAREN
          expression ::= * expression OP_IN select_subquery_part
          expression ::= * expression OP_NOT OP_IN select_subquery_part
          expression ::= * OP_MINUS expression
          expression ::= * OP_BANG|OP_NOT expression
          expression ::= * LEFT_PAREN expression RIGHT_PAREN
          expression ::= * LITERAL LEFT_PAREN func_args RIGHT_PAREN
          expression ::= * COLUMN
          expression ::= * LITERAL
          expression ::= * QUOTED
          expression ::= * PLACEHOLDER
          expression ::= * VARIABLE
          expression ::= * AT LITERAL
          expression ::= * AT QUOTED
          expression ::= * NUMBER
          expression ::= * NULL

                        OP_NOT shift  33
                      OP_MINUS shift  26
                       OP_BANG shift  33
                    LEFT_PAREN shift  32
                       LITERAL shift  96
                        QUOTED shift  134
                        NUMBER shift  110
                     OP_EXISTS shift  54
                        COLUMN shift  148
                   PLACEHOLDER shift  118
                      VARIABLE shift  116
                            AT shift  80
                          NULL shift  100
                    expression shift  70

State 29:
          expression ::= * OP_EXISTS select_subquery_part
          expression ::= * expression OP_EQ|OP_NE|OP_GT|OP_GTEQ|OP_LT|OP_LTEQ expression
          expression ::= * expression OP_OR|OP_AND expression
          expression ::= * expression OP_MINUS|OP_PLUS interval_expression
          expression ::= * expression OP_MULTIPLY|OP_DIVIDE expression
          expression ::= * expression OP_LIKE expression
          expression ::= expression OP_LIKE * expression
          expression ::= * expression OP_NOT OP_LIKE expression
          expression ::= * expression OP_REGEXP expression
          expression ::= * expression OP_NOT OP_REGEXP expression
          expression ::= * expression OP_IN LEFT_PAREN expression comma_expressions_opt RIGHT_PAREN
          expression ::= * expression OP_NOT OP_IN LEFT_PAREN expression comma_expressions_opt RIGHT_PAREN
          expression ::= * expression OP_IN select_subquery_part
          expression ::= * expression OP_NOT OP_IN select_subquery_part
          expression ::= * OP_MINUS expression
          expression ::= * OP_BANG|OP_NOT expression
          expression ::= * LEFT_PAREN expression RIGHT_PAREN
          expression ::= * LITERAL LEFT_PAREN func_args RIGHT_PAREN
          expression ::= * COLUMN
          expression ::= * LITERAL
          expression ::= * QUOTED
          expression ::= * PLACEHOLDER
          expression ::= * VARIABLE
          expression ::= * AT LITERAL
          expression ::= * AT QUOTED
          expression ::= * NUMBER
          expression ::= * NULL

                        OP_NOT shift  33
                      OP_MINUS shift  26
                       OP_BANG shift  33
                    LEFT_PAREN shift  32
                       LITERAL shift  96
                        QUOTED shift  134
                        NUMBER shift  110
                     OP_EXISTS shift  54
                        COLUMN shift  148
                   PLACEHOLDER shift  118
                      VARIABLE shift  116
                            AT shift  80
                          NULL shift  100
                    expression shift  74

State 30:
          expression ::= * OP_EXISTS select_subquery_part
          expression ::= * expression OP_EQ|OP_NE|OP_GT|OP_GTEQ|OP_LT|OP_LTEQ expression
          expression ::= * expression OP_OR|OP_AND expression
          expression ::= expression OP_OR|OP_AND * expression
          expression ::= * expression OP_MINUS|OP_PLUS interval_expression
          expression ::= * expression OP_MULTIPLY|OP_DIVIDE expression
          expression ::= * expression OP_LIKE expression
          expression ::= * expression OP_NOT OP_LIKE expression
          expression ::= * expression OP_REGEXP expression
          expression ::= * expression OP_NOT OP_REGEXP expression
          expression ::= * expression OP_IN LEFT_PAREN expression comma_expressions_opt RIGHT_PAREN
          expression ::= * expression OP_NOT OP_IN LEFT_PAREN expression comma_expressions_opt RIGHT_PAREN
          expression ::= * expression OP_IN select_subquery_part
          expression ::= * expression OP_NOT OP_IN select_subquery_part
          expression ::= * OP_MINUS expression
          expression ::= * OP_BANG|OP_NOT expression
          expression ::= * LEFT_PAREN expression RIGHT_PAREN
          expression ::= * LITERAL LEFT_PAREN func_args RIGHT_PAREN
          expression ::= * COLUMN
          expression ::= * LITERAL
          expression ::= * QUOTED
          expression ::= * PLACEHOLDER
          expression ::= * VARIABLE
          expression ::= * AT LITERAL
          expression ::= * AT QUOTED
          expression ::= * NUMBER
          expression ::= * NULL

                        OP_NOT shift  33
                      OP_MINUS shift  26
                       OP_BANG shift  33
                    LEFT_PAREN shift  32
                       LITERAL shift  96
                        QUOTED shift  134
                        NUMBER shift  110
                     OP_EXISTS shift  54
                        COLUMN shift  148
                   PLACEHOLDER shift  118
                      VARIABLE shift  116
                            AT shift  80
                          NULL shift  100
                    expression shift  69

State 31:
          expression ::= * OP_EXISTS select_subquery_part
          expression ::= * expression OP_EQ|OP_NE|OP_GT|OP_GTEQ|OP_LT|OP_LTEQ expression
          expression ::= * expression OP_OR|OP_AND expression
          expression ::= * expression OP_MINUS|OP_PLUS interval_expression
          expression ::= * expression OP_MULTIPLY|OP_DIVIDE expression
          expression ::= * expression OP_LIKE expression
          expression ::= * expression OP_NOT OP_LIKE expression
          expression ::= * expression OP_REGEXP expression
          expression ::= expression OP_REGEXP * expression
          expression ::= * expression OP_NOT OP_REGEXP expression
          expression ::= * expression OP_IN LEFT_PAREN expression comma_expressions_opt RIGHT_PAREN
          expression ::= * expression OP_NOT OP_IN LEFT_PAREN expression comma_expressions_opt RIGHT_PAREN
          expression ::= * expression OP_IN select_subquery_part
          expression ::= * expression OP_NOT OP_IN select_subquery_part
          expression ::= * OP_MINUS expression
          expression ::= * OP_BANG|OP_NOT expression
          expression ::= * LEFT_PAREN expression RIGHT_PAREN
          expression ::= * LITERAL LEFT_PAREN func_args RIGHT_PAREN
          expression ::= * COLUMN
          expression ::= * LITERAL
          expression ::= * QUOTED
          expression ::= * PLACEHOLDER
          expression ::= * VARIABLE
          expression ::= * AT LITERAL
          expression ::= * AT QUOTED
          expression ::= * NUMBER
          expression ::= * NULL

                        OP_NOT shift  33
                      OP_MINUS shift  26
                       OP_BANG shift  33
                    LEFT_PAREN shift  32
                       LITERAL shift  96
                        QUOTED shift  134
                        NUMBER shift  110
                     OP_EXISTS shift  54
                        COLUMN shift  148
                   PLACEHOLDER shift  118
                      VARIABLE shift  116
                            AT shift  80
                          NULL shift  100
                    expression shift  72

State 32:
          expression ::= * OP_EXISTS select_subquery_part
          expression ::= * expression OP_EQ|OP_NE|OP_GT|OP_GTEQ|OP_LT|OP_LTEQ expression
          expression ::= * expression OP_OR|OP_AND expression
          expression ::= * expression OP_MINUS|OP_PLUS interval_expression
          expression ::= * expression OP_MULTIPLY|OP_DIVIDE expression
          expression ::= * expression OP_LIKE expression
          expression ::= * expression OP_NOT OP_LIKE expression
          expression ::= * expression OP_REGEXP expression
          expression ::= * expression OP_NOT OP_REGEXP expression
          expression ::= * expression OP_IN LEFT_PAREN expression comma_expressions_opt RIGHT_PAREN
          expression ::= * expression OP_NOT OP_IN LEFT_PAREN expression comma_expressions_opt RIGHT_PAREN
          expression ::= * expression OP_IN select_subquery_part
          expression ::= * expression OP_NOT OP_IN select_subquery_part
          expression ::= * OP_MINUS expression
          expression ::= * OP_BANG|OP_NOT expression
          expression ::= * LEFT_PAREN expression RIGHT_PAREN
          expression ::= LEFT_PAREN * expression RIGHT_PAREN
          expression ::= * LITERAL LEFT_PAREN func_args RIGHT_PAREN
          expression ::= * COLUMN
          expression ::= * LITERAL
          expression ::= * QUOTED
          expression ::= * PLACEHOLDER
          expression ::= * VARIABLE
          expression ::= * AT LITERAL
          expression ::= * AT QUOTED
          expression ::= * NUMBER
          expression ::= * NULL

                        OP_NOT shift  33
                      OP_MINUS shift  26
                       OP_BANG shift  33
                    LEFT_PAREN shift  32
                       LITERAL shift  96
                        QUOTED shift  134
                        NUMBER shift  110
                     OP_EXISTS shift  54
                        COLUMN shift  148
                   PLACEHOLDER shift  118
                      VARIABLE shift  116
                            AT shift  80
                          NULL shift  100
                    expression shift  64

State 33:
          expression ::= * OP_EXISTS select_subquery_part
          expression ::= * expression OP_EQ|OP_NE|OP_GT|OP_GTEQ|OP_LT|OP_LTEQ expression
          expression ::= * expression OP_OR|OP_AND expression
          expression ::= * expression OP_MINUS|OP_PLUS interval_expression
          expression ::= * expression OP_MULTIPLY|OP_DIVIDE expression
          expression ::= * expression OP_LIKE expression
          expression ::= * expression OP_NOT OP_LIKE expression
          expression ::= * expression OP_REGEXP expression
          expression ::= * expression OP_NOT OP_REGEXP expression
          expression ::= * expression OP_IN LEFT_PAREN expression comma_expressions_opt RIGHT_PAREN
          expression ::= * expression OP_NOT OP_IN LEFT_PAREN expression comma_expressions_opt RIGHT_PAREN
          expression ::= * expression OP_IN select_subquery_part
          expression ::= * expression OP_NOT OP_IN select_subquery_part
          expression ::= * OP_MINUS expression
          expression ::= * OP_BANG|OP_NOT expression
          expression ::= OP_BANG|OP_NOT * expression
          expression ::= * LEFT_PAREN expression RIGHT_PAREN
          expression ::= * LITERAL LEFT_PAREN func_args RIGHT_PAREN
          expression ::= * COLUMN
          expression ::= * LITERAL
          expression ::= * QUOTED
          expression ::= * PLACEHOLDER
          expression ::= * VARIABLE
          expression ::= * AT LITERAL
          expression ::= * AT QUOTED
          expression ::= * NUMBER
          expression ::= * NULL

                        OP_NOT shift  33
                      OP_MINUS shift  26
                       OP_BANG shift  33
                    LEFT_PAREN shift  32
                       LITERAL shift  96
                        QUOTED shift  134
                        NUMBER shift  110
                     OP_EXISTS shift  54
                        COLUMN shift  148
                   PLACEHOLDER shift  118
                      VARIABLE shift  116
                            AT shift  80
                          NULL shift  100
                    expression shift  124

State 34:
          expression ::= * OP_EXISTS select_subquery_part
          expression ::= * expression OP_EQ|OP_NE|OP_GT|OP_GTEQ|OP_LT|OP_LTEQ expression
          expression ::= * expression OP_OR|OP_AND expression
          expression ::= * expression OP_MINUS|OP_PLUS interval_expression
          expression ::= * expression OP_MULTIPLY|OP_DIVIDE expression
          expression ::= * expression OP_LIKE expression
          expression ::= * expression OP_NOT OP_LIKE expression
          expression ::= * expression OP_REGEXP expression
          expression ::= * expression OP_NOT OP_REGEXP expression
          expression ::= expression OP_NOT OP_REGEXP * expression
          expression ::= * expression OP_IN LEFT_PAREN expression comma_expressions_opt RIGHT_PAREN
          expression ::= * expression OP_NOT OP_IN LEFT_PAREN expression comma_expressions_opt RIGHT_PAREN
          expression ::= * expression OP_IN select_subquery_part
          expression ::= * expression OP_NOT OP_IN select_subquery_part
          expression ::= * OP_MINUS expression
          expression ::= * OP_BANG|OP_NOT expression
          expression ::= * LEFT_PAREN expression RIGHT_PAREN
          expression ::= * LITERAL LEFT_PAREN func_args RIGHT_PAREN
          expression ::= * COLUMN
          expression ::= * LITERAL
          expression ::= * QUOTED
          expression ::= * PLACEHOLDER
          expression ::= * VARIABLE
          expression ::= * AT LITERAL
          expression ::= * AT QUOTED
          expression ::= * NUMBER
          expression ::= * NULL

                        OP_NOT shift  33
                      OP_MINUS shift  26
                       OP_BANG shift  33
                    LEFT_PAREN shift  32
                       LITERAL shift  96
                        QUOTED shift  134
                        NUMBER shift  110
                     OP_EXISTS shift  54
                        COLUMN shift  148
                   PLACEHOLDER shift  118
                      VARIABLE shift  116
                            AT shift  80
                          NULL shift  100
                    expression shift  71

State 35:
          expression ::= * OP_EXISTS select_subquery_part
          expression ::= * expression OP_EQ|OP_NE|OP_GT|OP_GTEQ|OP_LT|OP_LTEQ expression
          expression ::= * expression OP_OR|OP_AND expression
          expression ::= * expression OP_MINUS|OP_PLUS interval_expression
          expression ::= * expression OP_MULTIPLY|OP_DIVIDE expression
          expression ::= * expression OP_LIKE expression
          expression ::= * expression OP_NOT OP_LIKE expression
          expression ::= * expression OP_REGEXP expression
          expression ::= * expression OP_NOT OP_REGEXP expression
          expression ::= * expression OP_IN LEFT_PAREN expression comma_expressions_opt RIGHT_PAREN
          expression ::= * expression OP_NOT OP_IN LEFT_PAREN expression comma_expressions_opt RIGHT_PAREN
          expression ::= * expression OP_IN select_subquery_part
          expression ::= * expression OP_NOT OP_IN select_subquery_part
          expression ::= * OP_MINUS expression
          expression ::= * OP_BANG|OP_NOT expression
          expression ::= * LEFT_PAREN expression RIGHT_PAREN
          expression ::= * LITERAL LEFT_PAREN func_args RIGHT_PAREN
          expression ::= * COLUMN
          expression ::= * LITERAL
          expression ::= * QUOTED
          expression ::= * PLACEHOLDER
          expression ::= * VARIABLE
          expression ::= * AT LITERAL
          expression ::= * AT QUOTED
          expression ::= * NUMBER
          expression ::= * NULL
          comma_expressions_opt ::= comma_expressions_opt COMMA * expression

                        OP_NOT shift  33
                      OP_MINUS shift  26
                       OP_BANG shift  33
                    LEFT_PAREN shift  32
                       LITERAL shift  96
                        QUOTED shift  134
                        NUMBER shift  110
                     OP_EXISTS shift  54
                        COLUMN shift  148
                   PLACEHOLDER shift  118
                      VARIABLE shift  116
                            AT shift  80
                          NULL shift  100
                    expression shift  67

State 36:
          where_clause ::= WHERE * expression
          expression ::= * OP_EXISTS select_subquery_part
          expression ::= * expression OP_EQ|OP_NE|OP_GT|OP_GTEQ|OP_LT|OP_LTEQ expression
          expression ::= * expression OP_OR|OP_AND expression
          expression ::= * expression OP_MINUS|OP_PLUS interval_expression
          expression ::= * expression OP_MULTIPLY|OP_DIVIDE expression
          expression ::= * expression OP_LIKE expression
          expression ::= * expression OP_NOT OP_LIKE expression
          expression ::= * expression OP_REGEXP expression
          expression ::= * expression OP_NOT OP_REGEXP expression
          expression ::= * expression OP_IN LEFT_PAREN expression comma_expressions_opt RIGHT_PAREN
          expression ::= * expression OP_NOT OP_IN LEFT_PAREN expression comma_expressions_opt RIGHT_PAREN
          expression ::= * expression OP_IN select_subquery_part
          expression ::= * expression OP_NOT OP_IN select_subquery_part
          expression ::= * OP_MINUS expression
          expression ::= * OP_BANG|OP_NOT expression
          expression ::= * LEFT_PAREN expression RIGHT_PAREN
          expression ::= * LITERAL LEFT_PAREN func_args RIGHT_PAREN
          expression ::= * COLUMN
          expression ::= * LITERAL
          expression ::= * QUOTED
          expression ::= * PLACEHOLDER
          expression ::= * VARIABLE
          expression ::= * AT LITERAL
          expression ::= * AT QUOTED
          expression ::= * NUMBER
          expression ::= * NULL

                        OP_NOT shift  33
                      OP_MINUS shift  26
                       OP_BANG shift  33
                    LEFT_PAREN shift  32
                       LITERAL shift  96
                        QUOTED shift  134
                        NUMBER shift  110
                     OP_EXISTS shift  54
                        COLUMN shift  148
                   PLACEHOLDER shift  118
                      VARIABLE shift  116
                            AT shift  80
                          NULL shift  100
                    expression shift  68

State 37:
          expression ::= * OP_EXISTS select_subquery_part
          expression ::= * expression OP_EQ|OP_NE|OP_GT|OP_GTEQ|OP_LT|OP_LTEQ expression
          expression ::= expression OP_EQ|OP_NE|OP_GT|OP_GTEQ|OP_LT|OP_LTEQ * expression
          expression ::= * expression OP_OR|OP_AND expression
          expression ::= * expression OP_MINUS|OP_PLUS interval_expression
          expression ::= * expression OP_MULTIPLY|OP_DIVIDE expression
          expression ::= * expression OP_LIKE expression
          expression ::= * expression OP_NOT OP_LIKE expression
          expression ::= * expression OP_REGEXP expression
          expression ::= * expression OP_NOT OP_REGEXP expression
          expression ::= * expression OP_IN LEFT_PAREN expression comma_expressions_opt RIGHT_PAREN
          expression ::= * expression OP_NOT OP_IN LEFT_PAREN expression comma_expressions_opt RIGHT_PAREN
          expression ::= * expression OP_IN select_subquery_part
          expression ::= * expression OP_NOT OP_IN select_subquery_part
          expression ::= * OP_MINUS expression
          expression ::= * OP_BANG|OP_NOT expression
          expression ::= * LEFT_PAREN expression RIGHT_PAREN
          expression ::= * LITERAL LEFT_PAREN func_args RIGHT_PAREN
          expression ::= * COLUMN
          expression ::= * LITERAL
          expression ::= * QUOTED
          expression ::= * PLACEHOLDER
          expression ::= * VARIABLE
          expression ::= * AT LITERAL
          expression ::= * AT QUOTED
          expression ::= * NUMBER
          expression ::= * NULL

                        OP_NOT shift  33
                      OP_MINUS shift  26
                       OP_BANG shift  33
                    LEFT_PAREN shift  32
                       LITERAL shift  96
                        QUOTED shift  134
                        NUMBER shift  110
                     OP_EXISTS shift  54
                        COLUMN shift  148
                   PLACEHOLDER shift  118
                      VARIABLE shift  116
                            AT shift  80
                          NULL shift  100
                    expression shift  73

State 38:
          trailing_semicolon ::= * SEMICOLON
      (2) trailing_semicolon ::= *
          select_union ::= select_union_paren select_union * trailing_semicolon
          select_union ::= select_union * OP_UNION select_union_paren
          select_union ::= select_union * OP_UNION OP_ALL select_union_paren
          select_union ::= select_union * OP_UNION OP_DISTINCT select_union_paren

                     SEMICOLON shift  119
                     SEMICOLON reduce 2   ** Parsing conflict **
                      OP_UNION shift  16
                      OP_UNION reduce 2   ** Parsing conflict **
            trailing_semicolon shift  140
                     {default} reduce 2

State 39:
          select_subquery_part ::= * LEFT_PAREN select_clause from_clause where_clause order_clause RIGHT_PAREN
          from_clause ::= FROM * LITERAL
          from_clause ::= FROM * select_subquery_part alias_optional
          from_clause ::= FROM * LEFT_PAREN select_union RIGHT_PAREN alias_optional
          from_clause ::= FROM * LEFT_PAREN LITERAL RIGHT_PAREN alias_optional

                    LEFT_PAREN shift  1
                       LITERAL shift  101
          select_subquery_part shift  49

State 40:
          select_query_part ::= select_clause * from_clause where_clause split_clause group_clause with_rollup_clause order_clause limit_clause
          from_clause ::= * FROM LITERAL
          from_clause ::= * FROM select_subquery_part alias_optional
          from_clause ::= * FROM LEFT_PAREN select_union RIGHT_PAREN alias_optional
          from_clause ::= * FROM LEFT_PAREN LITERAL RIGHT_PAREN alias_optional

                          FROM shift  39
                   from_clause shift  41

State 41:
          select_query_part ::= select_clause from_clause * where_clause split_clause group_clause with_rollup_clause order_clause limit_clause
          where_clause ::= * WHERE expression
     (26) where_clause ::= *

                         WHERE shift  36
                  where_clause shift  42
                     {default} reduce 26

State 42:
          select_query_part ::= select_clause from_clause where_clause * split_clause group_clause with_rollup_clause order_clause limit_clause
          split_clause ::= * SPLIT BY split_expression split_expressions_extra
     (28) split_clause ::= *

                         SPLIT shift  90
                  split_clause shift  44
                     {default} reduce 28

State 43:
          select_field ::= select_subquery_part * alias_optional
          alias_optional ::= * AS LITERAL
          alias_optional ::= * AS QUOTED
     (20) alias_optional ::= *

                            AS shift  76
                alias_optional shift  143
                     {default} reduce 20

State 44:
          select_query_part ::= select_clause from_clause where_clause split_clause * group_clause with_rollup_clause order_clause limit_clause
          group_clause ::= * GROUP BY group_expression group_expressions_extra
     (33) group_clause ::= *

                         GROUP shift  92
                  group_clause shift  45
                     {default} reduce 33

State 45:
          select_query_part ::= select_clause from_clause where_clause split_clause group_clause * with_rollup_clause order_clause limit_clause
          with_rollup_clause ::= * WITH ROLLUP
     (38) with_rollup_clause ::= *

                          WITH shift  91
            with_rollup_clause shift  46
                     {default} reduce 38

State 46:
          select_query_part ::= select_clause from_clause where_clause split_clause group_clause with_rollup_clause * order_clause limit_clause
          order_clause ::= * ORDER BY order_expression comma_order_expression_opt
     (40) order_clause ::= *

                         ORDER shift  93
                  order_clause shift  47
                     {default} reduce 40

State 47:
          select_query_part ::= select_clause from_clause where_clause split_clause group_clause with_rollup_clause order_clause * limit_clause
          limit_clause ::= * LIMIT NUMBER limit_offset_opt
     (48) limit_clause ::= *

                         LIMIT shift  86
                  limit_clause shift  117
                     {default} reduce 48

State 48:
          limit_clause ::= LIMIT NUMBER * limit_offset_opt
          limit_offset_opt ::= * OFFSET NUMBER
     (50) limit_offset_opt ::= *

                        OFFSET shift  85
              limit_offset_opt shift  113
                     {default} reduce 50

State 49:
          alias_optional ::= * AS LITERAL
          alias_optional ::= * AS QUOTED
     (20) alias_optional ::= *
          from_clause ::= FROM select_subquery_part * alias_optional

                            AS shift  76
                alias_optional shift  102
                     {default} reduce 20

State 50:
          select_subquery_part ::= * LEFT_PAREN select_clause from_clause where_clause order_clause RIGHT_PAREN
          expression ::= expression OP_IN * LEFT_PAREN expression comma_expressions_opt RIGHT_PAREN
          expression ::= expression OP_IN * select_subquery_part

                    LEFT_PAREN shift  7
          select_subquery_part shift  136

State 51:
          select_subquery_part ::= * LEFT_PAREN select_clause from_clause where_clause order_clause RIGHT_PAREN
          expression ::= expression OP_NOT OP_IN * LEFT_PAREN expression comma_expressions_opt RIGHT_PAREN
          expression ::= expression OP_NOT OP_IN * select_subquery_part

                    LEFT_PAREN shift  6
          select_subquery_part shift  127

State 52:
          alias_optional ::= * AS LITERAL
          alias_optional ::= * AS QUOTED
     (20) alias_optional ::= *
          from_clause ::= FROM LEFT_PAREN LITERAL RIGHT_PAREN * alias_optional

                            AS shift  76
                alias_optional shift  121
                     {default} reduce 20

State 53:
          alias_optional ::= * AS LITERAL
          alias_optional ::= * AS QUOTED
     (20) alias_optional ::= *
          from_clause ::= FROM LEFT_PAREN select_union RIGHT_PAREN * alias_optional

                            AS shift  76
                alias_optional shift  122
                     {default} reduce 20

State 54:
          select_subquery_part ::= * LEFT_PAREN select_clause from_clause where_clause order_clause RIGHT_PAREN
          expression ::= OP_EXISTS * select_subquery_part

                    LEFT_PAREN shift  55
          select_subquery_part shift  103

State 55:
          select_subquery_part ::= LEFT_PAREN * select_clause from_clause where_clause order_clause RIGHT_PAREN
          select_clause ::= * SELECT select_field select_fields_extra

                        SELECT shift  3
                 select_clause shift  56

State 56:
          select_subquery_part ::= LEFT_PAREN select_clause * from_clause where_clause order_clause RIGHT_PAREN
          from_clause ::= * FROM LITERAL
          from_clause ::= * FROM select_subquery_part alias_optional
          from_clause ::= * FROM LEFT_PAREN select_union RIGHT_PAREN alias_optional
          from_clause ::= * FROM LEFT_PAREN LITERAL RIGHT_PAREN alias_optional

                          FROM shift  39
                   from_clause shift  57

State 57:
          select_subquery_part ::= LEFT_PAREN select_clause from_clause * where_clause order_clause RIGHT_PAREN
          where_clause ::= * WHERE expression
     (26) where_clause ::= *

                         WHERE shift  36
                  where_clause shift  58
                     {default} reduce 26

State 58:
          select_subquery_part ::= LEFT_PAREN select_clause from_clause where_clause * order_clause RIGHT_PAREN
          order_clause ::= * ORDER BY order_expression comma_order_expression_opt
     (40) order_clause ::= *

                         ORDER shift  93
                  order_clause shift  88
                     {default} reduce 40

State 59:
          start ::= select_query_part * trailing_semicolon
          trailing_semicolon ::= * SEMICOLON
      (2) trailing_semicolon ::= *

                     SEMICOLON shift  119
            trailing_semicolon shift  107
                     {default} reduce 2

State 60:
          order_clause ::= ORDER BY order_expression * comma_order_expression_opt
          comma_order_expression_opt ::= * comma_order_expression_opt COMMA order_expression
     (46) comma_order_expression_opt ::= *

    comma_order_expression_opt shift  89
                     {default} reduce 46

State 61:
          group_clause ::= GROUP BY group_expression * group_expressions_extra
          group_expressions_extra ::= * group_expressions_extra COMMA group_expression
     (35) group_expressions_extra ::= *

       group_expressions_extra shift  87
                     {default} reduce 35

State 62:
          split_clause ::= SPLIT BY split_expression * split_expressions_extra
          split_expressions_extra ::= * split_expressions_extra COMMA split_expression
     (30) split_expressions_extra ::= *

       split_expressions_extra shift  82
                     {default} reduce 30

State 63:
          select_clause ::= SELECT select_field * select_fields_extra
          select_fields_extra ::= * select_fields_extra COMMA select_field
     (14) select_fields_extra ::= *

           select_fields_extra shift  98
                     {default} reduce 14

State 64:
          expression ::= expression * OP_EQ|OP_NE|OP_GT|OP_GTEQ|OP_LT|OP_LTEQ expression
          expression ::= expression * OP_OR|OP_AND expression
          expression ::= expression * OP_MINUS|OP_PLUS interval_expression
          expression ::= expression * OP_MULTIPLY|OP_DIVIDE expression
          expression ::= expression * OP_LIKE expression
          expression ::= expression * OP_NOT OP_LIKE expression
          expression ::= expression * OP_REGEXP expression
          expression ::= expression * OP_NOT OP_REGEXP expression
          expression ::= expression * OP_IN LEFT_PAREN expression comma_expressions_opt RIGHT_PAREN
          expression ::= expression * OP_NOT OP_IN LEFT_PAREN expression comma_expressions_opt RIGHT_PAREN
          expression ::= expression * OP_IN select_subquery_part
          expression ::= expression * OP_NOT OP_IN select_subquery_part
          expression ::= LEFT_PAREN expression * RIGHT_PAREN

                         OP_OR shift  30
                        OP_AND shift  30
                        OP_NOT shift  75
                         OP_EQ shift  37
                         OP_NE shift  37
                         OP_GT shift  37
                       OP_GTEQ shift  37
                         OP_LT shift  37
                       OP_LTEQ shift  37
                         OP_IN shift  50
                       OP_LIKE shift  29
                     OP_REGEXP shift  31
                      OP_MINUS shift  5
                       OP_PLUS shift  5
                   OP_MULTIPLY shift  27
                     OP_DIVIDE shift  27
                   RIGHT_PAREN shift  99

State 65:
     (31) split_expression ::= expression *
          expression ::= expression * OP_EQ|OP_NE|OP_GT|OP_GTEQ|OP_LT|OP_LTEQ expression
          expression ::= expression * OP_OR|OP_AND expression
          expression ::= expression * OP_MINUS|OP_PLUS interval_expression
          expression ::= expression * OP_MULTIPLY|OP_DIVIDE expression
          expression ::= expression * OP_LIKE expression
          expression ::= expression * OP_NOT OP_LIKE expression
          expression ::= expression * OP_REGEXP expression
          expression ::= expression * OP_NOT OP_REGEXP expression
          expression ::= expression * OP_IN LEFT_PAREN expression comma_expressions_opt RIGHT_PAREN
          expression ::= expression * OP_NOT OP_IN LEFT_PAREN expression comma_expressions_opt RIGHT_PAREN
          expression ::= expression * OP_IN select_subquery_part
          expression ::= expression * OP_NOT OP_IN select_subquery_part

                         OP_OR shift  30
                        OP_AND shift  30
                        OP_NOT shift  75
                         OP_EQ shift  37
                         OP_NE shift  37
                         OP_GT shift  37
                       OP_GTEQ shift  37
                         OP_LT shift  37
                       OP_LTEQ shift  37
                         OP_IN shift  50
                       OP_LIKE shift  29
                     OP_REGEXP shift  31
                      OP_MINUS shift  5
                       OP_PLUS shift  5
                   OP_MULTIPLY shift  27
                     OP_DIVIDE shift  27
                     {default} reduce 31

State 66:
          expression ::= expression * OP_EQ|OP_NE|OP_GT|OP_GTEQ|OP_LT|OP_LTEQ expression
          expression ::= expression * OP_OR|OP_AND expression
          expression ::= expression * OP_MINUS|OP_PLUS interval_expression
     (56) interval_expression ::= expression *
          expression ::= expression * OP_MULTIPLY|OP_DIVIDE expression
          expression ::= expression * OP_LIKE expression
          expression ::= expression * OP_NOT OP_LIKE expression
          expression ::= expression * OP_REGEXP expression
          expression ::= expression * OP_NOT OP_REGEXP expression
          expression ::= expression * OP_IN LEFT_PAREN expression comma_expressions_opt RIGHT_PAREN
          expression ::= expression * OP_NOT OP_IN LEFT_PAREN expression comma_expressions_opt RIGHT_PAREN
          expression ::= expression * OP_IN select_subquery_part
          expression ::= expression * OP_NOT OP_IN select_subquery_part

                         OP_OR shift  30
                         OP_OR reduce 56  ** Parsing conflict **
                        OP_AND shift  30
                        OP_AND reduce 56  ** Parsing conflict **
                        OP_NOT shift  75
                        OP_NOT reduce 56  ** Parsing conflict **
                         OP_EQ shift  37
                         OP_EQ reduce 56  ** Parsing conflict **
                         OP_NE shift  37
                         OP_NE reduce 56  ** Parsing conflict **
                         OP_GT shift  37
                         OP_GT reduce 56  ** Parsing conflict **
                       OP_GTEQ shift  37
                       OP_GTEQ reduce 56  ** Parsing conflict **
                         OP_LT shift  37
                         OP_LT reduce 56  ** Parsing conflict **
                       OP_LTEQ shift  37
                       OP_LTEQ reduce 56  ** Parsing conflict **
                         OP_IN shift  50
                         OP_IN reduce 56  ** Parsing conflict **
                       OP_LIKE shift  29
                       OP_LIKE reduce 56  ** Parsing conflict **
                     OP_REGEXP shift  31
                     OP_REGEXP reduce 56  ** Parsing conflict **
                      OP_MINUS shift  5
                      OP_MINUS reduce 56  ** Parsing conflict **
                       OP_PLUS shift  5
                       OP_PLUS reduce 56  ** Parsing conflict **
                   OP_MULTIPLY shift  27
                   OP_MULTIPLY reduce 56  ** Parsing conflict **
                     OP_DIVIDE shift  27
                     OP_DIVIDE reduce 56  ** Parsing conflict **
                     {default} reduce 56

State 67:
          expression ::= expression * OP_EQ|OP_NE|OP_GT|OP_GTEQ|OP_LT|OP_LTEQ expression
          expression ::= expression * OP_OR|OP_AND expression
          expression ::= expression * OP_MINUS|OP_PLUS interval_expression
          expression ::= expression * OP_MULTIPLY|OP_DIVIDE expression
          expression ::= expression * OP_LIKE expression
          expression ::= expression * OP_NOT OP_LIKE expression
          expression ::= expression * OP_REGEXP expression
          expression ::= expression * OP_NOT OP_REGEXP expression
          expression ::= expression * OP_IN LEFT_PAREN expression comma_expressions_opt RIGHT_PAREN
          expression ::= expression * OP_NOT OP_IN LEFT_PAREN expression comma_expressions_opt RIGHT_PAREN
          expression ::= expression * OP_IN select_subquery_part
          expression ::= expression * OP_NOT OP_IN select_subquery_part
     (81) comma_expressions_opt ::= comma_expressions_opt COMMA expression *

                         OP_OR shift  30
                        OP_AND shift  30
                        OP_NOT shift  75
                         OP_EQ shift  37
                         OP_NE shift  37
                         OP_GT shift  37
                       OP_GTEQ shift  37
                         OP_LT shift  37
                       OP_LTEQ shift  37
                         OP_IN shift  50
                       OP_LIKE shift  29
                     OP_REGEXP shift  31
                      OP_MINUS shift  5
                       OP_PLUS shift  5
                   OP_MULTIPLY shift  27
                     OP_DIVIDE shift  27
                     {default} reduce 81

State 68:
     (25) where_clause ::= WHERE expression *
          expression ::= expression * OP_EQ|OP_NE|OP_GT|OP_GTEQ|OP_LT|OP_LTEQ expression
          expression ::= expression * OP_OR|OP_AND expression
          expression ::= expression * OP_MINUS|OP_PLUS interval_expression
          expression ::= expression * OP_MULTIPLY|OP_DIVIDE expression
          expression ::= expression * OP_LIKE expression
          expression ::= expression * OP_NOT OP_LIKE expression
          expression ::= expression * OP_REGEXP expression
          expression ::= expression * OP_NOT OP_REGEXP expression
          expression ::= expression * OP_IN LEFT_PAREN expression comma_expressions_opt RIGHT_PAREN
          expression ::= expression * OP_NOT OP_IN LEFT_PAREN expression comma_expressions_opt RIGHT_PAREN
          expression ::= expression * OP_IN select_subquery_part
          expression ::= expression * OP_NOT OP_IN select_subquery_part

                         OP_OR shift  30
                        OP_AND shift  30
                        OP_NOT shift  75
                         OP_EQ shift  37
                         OP_NE shift  37
                         OP_GT shift  37
                       OP_GTEQ shift  37
                         OP_LT shift  37
                       OP_LTEQ shift  37
                         OP_IN shift  50
                       OP_LIKE shift  29
                     OP_REGEXP shift  31
                      OP_MINUS shift  5
                       OP_PLUS shift  5
                   OP_MULTIPLY shift  27
                     OP_DIVIDE shift  27
                     {default} reduce 25

State 69:
          expression ::= expression * OP_EQ|OP_NE|OP_GT|OP_GTEQ|OP_LT|OP_LTEQ expression
          expression ::= expression * OP_OR|OP_AND expression
     (53) expression ::= expression OP_OR|OP_AND expression *
          expression ::= expression * OP_MINUS|OP_PLUS interval_expression
          expression ::= expression * OP_MULTIPLY|OP_DIVIDE expression
          expression ::= expression * OP_LIKE expression
          expression ::= expression * OP_NOT OP_LIKE expression
          expression ::= expression * OP_REGEXP expression
          expression ::= expression * OP_NOT OP_REGEXP expression
          expression ::= expression * OP_IN LEFT_PAREN expression comma_expressions_opt RIGHT_PAREN
          expression ::= expression * OP_NOT OP_IN LEFT_PAREN expression comma_expressions_opt RIGHT_PAREN
          expression ::= expression * OP_IN select_subquery_part
          expression ::= expression * OP_NOT OP_IN select_subquery_part

                        OP_AND shift  30
                        OP_NOT shift  75
                         OP_EQ shift  37
                         OP_NE shift  37
                         OP_GT shift  37
                       OP_GTEQ shift  37
                         OP_LT shift  37
                       OP_LTEQ shift  37
                         OP_IN shift  50
                       OP_LIKE shift  29
                     OP_REGEXP shift  31
                      OP_MINUS shift  5
                       OP_PLUS shift  5
                   OP_MULTIPLY shift  27
                     OP_DIVIDE shift  27
                     {default} reduce 53

State 70:
          expression ::= expression * OP_EQ|OP_NE|OP_GT|OP_GTEQ|OP_LT|OP_LTEQ expression
          expression ::= expression * OP_OR|OP_AND expression
          expression ::= expression * OP_MINUS|OP_PLUS interval_expression
          expression ::= expression * OP_MULTIPLY|OP_DIVIDE expression
          expression ::= expression * OP_LIKE expression
          expression ::= expression * OP_NOT OP_LIKE expression
     (59) expression ::= expression OP_NOT OP_LIKE expression *
          expression ::= expression * OP_REGEXP expression
          expression ::= expression * OP_NOT OP_REGEXP expression
          expression ::= expression * OP_IN LEFT_PAREN expression comma_expressions_opt RIGHT_PAREN
          expression ::= expression * OP_NOT OP_IN LEFT_PAREN expression comma_expressions_opt RIGHT_PAREN
          expression ::= expression * OP_IN select_subquery_part
          expression ::= expression * OP_NOT OP_IN select_subquery_part

                        OP_NOT shift  75
                         OP_EQ shift  37
                         OP_NE shift  37
                         OP_GT shift  37
                       OP_GTEQ shift  37
                         OP_LT shift  37
                       OP_LTEQ shift  37
                         OP_IN shift  50
                       OP_LIKE shift  29
                     OP_REGEXP shift  31
                      OP_MINUS shift  5
                       OP_PLUS shift  5
                   OP_MULTIPLY shift  27
                     OP_DIVIDE shift  27
                     {default} reduce 59

State 71:
          expression ::= expression * OP_EQ|OP_NE|OP_GT|OP_GTEQ|OP_LT|OP_LTEQ expression
          expression ::= expression * OP_OR|OP_AND expression
          expression ::= expression * OP_MINUS|OP_PLUS interval_expression
          expression ::= expression * OP_MULTIPLY|OP_DIVIDE expression
          expression ::= expression * OP_LIKE expression
          expression ::= expression * OP_NOT OP_LIKE expression
          expression ::= expression * OP_REGEXP expression
          expression ::= expression * OP_NOT OP_REGEXP expression
     (61) expression ::= expression OP_NOT OP_REGEXP expression *
          expression ::= expression * OP_IN LEFT_PAREN expression comma_expressions_opt RIGHT_PAREN
          expression ::= expression * OP_NOT OP_IN LEFT_PAREN expression comma_expressions_opt RIGHT_PAREN
          expression ::= expression * OP_IN select_subquery_part
          expression ::= expression * OP_NOT OP_IN select_subquery_part

                        OP_NOT shift  75
                         OP_EQ shift  37
                         OP_NE shift  37
                         OP_GT shift  37
                       OP_GTEQ shift  37
                         OP_LT shift  37
                       OP_LTEQ shift  37
                         OP_IN shift  50
                       OP_LIKE shift  29
                     OP_REGEXP shift  31
                      OP_MINUS shift  5
                       OP_PLUS shift  5
                   OP_MULTIPLY shift  27
                     OP_DIVIDE shift  27
                     {default} reduce 61

State 72:
          expression ::= expression * OP_EQ|OP_NE|OP_GT|OP_GTEQ|OP_LT|OP_LTEQ expression
          expression ::= expression * OP_OR|OP_AND expression
          expression ::= expression * OP_MINUS|OP_PLUS interval_expression
          expression ::= expression * OP_MULTIPLY|OP_DIVIDE expression
          expression ::= expression * OP_LIKE expression
          expression ::= expression * OP_NOT OP_LIKE expression
          expression ::= expression * OP_REGEXP expression
     (60) expression ::= expression OP_REGEXP expression *
          expression ::= expression * OP_NOT OP_REGEXP expression
          expression ::= expression * OP_IN LEFT_PAREN expression comma_expressions_opt RIGHT_PAREN
          expression ::= expression * OP_NOT OP_IN LEFT_PAREN expression comma_expressions_opt RIGHT_PAREN
          expression ::= expression * OP_IN select_subquery_part
          expression ::= expression * OP_NOT OP_IN select_subquery_part

                      OP_MINUS shift  5
                       OP_PLUS shift  5
                   OP_MULTIPLY shift  27
                     OP_DIVIDE shift  27
                     {default} reduce 60

State 73:
          expression ::= expression * OP_EQ|OP_NE|OP_GT|OP_GTEQ|OP_LT|OP_LTEQ expression
     (52) expression ::= expression OP_EQ|OP_NE|OP_GT|OP_GTEQ|OP_LT|OP_LTEQ expression *
          expression ::= expression * OP_OR|OP_AND expression
          expression ::= expression * OP_MINUS|OP_PLUS interval_expression
          expression ::= expression * OP_MULTIPLY|OP_DIVIDE expression
          expression ::= expression * OP_LIKE expression
          expression ::= expression * OP_NOT OP_LIKE expression
          expression ::= expression * OP_REGEXP expression
          expression ::= expression * OP_NOT OP_REGEXP expression
          expression ::= expression * OP_IN LEFT_PAREN expression comma_expressions_opt RIGHT_PAREN
          expression ::= expression * OP_NOT OP_IN LEFT_PAREN expression comma_expressions_opt RIGHT_PAREN
          expression ::= expression * OP_IN select_subquery_part
          expression ::= expression * OP_NOT OP_IN select_subquery_part

                      OP_MINUS shift  5
                       OP_PLUS shift  5
                   OP_MULTIPLY shift  27
                     OP_DIVIDE shift  27
                     {default} reduce 52

State 74:
          expression ::= expression * OP_EQ|OP_NE|OP_GT|OP_GTEQ|OP_LT|OP_LTEQ expression
          expression ::= expression * OP_OR|OP_AND expression
          expression ::= expression * OP_MINUS|OP_PLUS interval_expression
          expression ::= expression * OP_MULTIPLY|OP_DIVIDE expression
          expression ::= expression * OP_LIKE expression
     (58) expression ::= expression OP_LIKE expression *
          expression ::= expression * OP_NOT OP_LIKE expression
          expression ::= expression * OP_REGEXP expression
          expression ::= expression * OP_NOT OP_REGEXP expression
          expression ::= expression * OP_IN LEFT_PAREN expression comma_expressions_opt RIGHT_PAREN
          expression ::= expression * OP_NOT OP_IN LEFT_PAREN expression comma_expressions_opt RIGHT_PAREN
          expression ::= expression * OP_IN select_subquery_part
          expression ::= expression * OP_NOT OP_IN select_subquery_part

                      OP_MINUS shift  5
                       OP_PLUS shift  5
                   OP_MULTIPLY shift  27
                     OP_DIVIDE shift  27
                     {default} reduce 58

State 75:
          expression ::= expression OP_NOT * OP_LIKE expression
          expression ::= expression OP_NOT * OP_REGEXP expression
          expression ::= expression OP_NOT * OP_IN LEFT_PAREN expression comma_expressions_opt RIGHT_PAREN
          expression ::= expression OP_NOT * OP_IN select_subquery_part

                         OP_IN shift  51
                       OP_LIKE shift  28
                     OP_REGEXP shift  34

State 76:
          alias_optional ::= AS * LITERAL
          alias_optional ::= AS * QUOTED

                       LITERAL shift  139
                        QUOTED shift  138

State 77:
          expression ::= expression OP_NOT OP_IN LEFT_PAREN expression comma_expressions_opt * RIGHT_PAREN
          comma_expressions_opt ::= comma_expressions_opt * COMMA expression

                   RIGHT_PAREN shift  126
                         COMMA shift  35

State 78:
          expression ::= expression OP_IN LEFT_PAREN expression comma_expressions_opt * RIGHT_PAREN
          comma_expressions_opt ::= comma_expressions_opt * COMMA expression

                   RIGHT_PAREN shift  125
                         COMMA shift  35

State 79:
          select_union ::= select_union * OP_UNION select_union_paren
          select_union ::= select_union * OP_UNION OP_ALL select_union_paren
          select_union ::= select_union * OP_UNION OP_DISTINCT select_union_paren
          from_clause ::= FROM LEFT_PAREN select_union * RIGHT_PAREN alias_optional

                   RIGHT_PAREN shift  53
                      OP_UNION shift  16

State 80:
          expression ::= AT * LITERAL
          expression ::= AT * QUOTED

                       LITERAL shift  115
                        QUOTED shift  111

State 81:
          select_paren ::= LEFT_PAREN select_query_part * RIGHT_PAREN

                   RIGHT_PAREN shift  135

State 82:
     (27) split_clause ::= SPLIT BY split_expression split_expressions_extra *
          split_expressions_extra ::= split_expressions_extra * COMMA split_expression

                         COMMA shift  14
                     {default} reduce 27

State 83:
          interval_expression ::= INTERVAL * NUMBER LITERAL

                        NUMBER shift  84

State 84:
          interval_expression ::= INTERVAL NUMBER * LITERAL

                       LITERAL shift  131

State 85:
          limit_offset_opt ::= OFFSET * NUMBER

                        NUMBER shift  108

State 86:
          limit_clause ::= LIMIT * NUMBER limit_offset_opt

                        NUMBER shift  48

State 87:
     (32) group_clause ::= GROUP BY group_expression group_expressions_extra *
          group_expressions_extra ::= group_expressions_extra * COMMA group_expression

                         COMMA shift  9
                     {default} reduce 32

State 88:
          select_subquery_part ::= LEFT_PAREN select_clause from_clause where_clause order_clause * RIGHT_PAREN

                   RIGHT_PAREN shift  141

State 89:
     (39) order_clause ::= ORDER BY order_expression comma_order_expression_opt *
          comma_order_expression_opt ::= comma_order_expression_opt * COMMA order_expression

                         COMMA shift  10
                     {default} reduce 39

State 90:
          split_clause ::= SPLIT * BY split_expression split_expressions_extra

                            BY shift  15

State 91:
          with_rollup_clause ::= WITH * ROLLUP

                        ROLLUP shift  106

State 92:
          group_clause ::= GROUP * BY group_expression group_expressions_extra

                            BY shift  11

State 93:
          order_clause ::= ORDER * BY order_expression comma_order_expression_opt

                            BY shift  12

State 94:
          from_clause ::= FROM LEFT_PAREN LITERAL * RIGHT_PAREN alias_optional

                   RIGHT_PAREN shift  52

State 95:
          expression ::= LITERAL LEFT_PAREN func_args * RIGHT_PAREN

                   RIGHT_PAREN shift  105

State 96:
          expression ::= LITERAL * LEFT_PAREN func_args RIGHT_PAREN
     (71) expression ::= LITERAL *

                    LEFT_PAREN shift  13
                     {default} reduce 71

State 97:
     (79) func_args ::= expression comma_expressions_opt *
          comma_expressions_opt ::= comma_expressions_opt * COMMA expression

                         COMMA shift  35
                     {default} reduce 79

State 98:
     (12) select_clause ::= SELECT select_field select_fields_extra *
          select_fields_extra ::= select_fields_extra * COMMA select_field

                         COMMA shift  2
                     {default} reduce 12

State 99:
     (68) expression ::= LEFT_PAREN expression RIGHT_PAREN *

                     {default} reduce 68

State 100:
     (78) expression ::= NULL *

                     {default} reduce 78

State 101:
     (21) from_clause ::= FROM LITERAL *

                     {default} reduce 21

State 102:
     (22) from_clause ::= FROM select_subquery_part alias_optional *

                     {default} reduce 22

State 103:
     (51) expression ::= OP_EXISTS select_subquery_part *

                     {default} reduce 51

State 104:
     (45) comma_order_expression_opt ::= comma_order_expression_opt COMMA order_expression *

                     {default} reduce 45

State 105:
     (69) expression ::= LITERAL LEFT_PAREN func_args RIGHT_PAREN *

                     {default} reduce 69

State 106:
     (37) with_rollup_clause ::= WITH ROLLUP *

                     {default} reduce 37

State 107:
      (0) start ::= select_query_part trailing_semicolon *

                     {default} reduce 0

State 108:
     (49) limit_offset_opt ::= OFFSET NUMBER *

                     {default} reduce 49

State 109:
     (41) order_expression ::= expression direction_opt *

                     {default} reduce 41

State 110:
     (77) expression ::= NUMBER *

                     {default} reduce 77

State 111:
     (76) expression ::= AT QUOTED *

                     {default} reduce 76

State 112:
     (34) group_expressions_extra ::= group_expressions_extra COMMA group_expression *

                     {default} reduce 34

State 113:
     (47) limit_clause ::= LIMIT NUMBER limit_offset_opt *

                     {default} reduce 47

State 114:
     (36) group_expression ::= expression alias_optional *

                     {default} reduce 36

State 115:
     (75) expression ::= AT LITERAL *

                     {default} reduce 75

State 116:
     (74) expression ::= VARIABLE *

                     {default} reduce 74

State 117:
     (10) select_query_part ::= select_clause from_clause where_clause split_clause group_clause with_rollup_clause order_clause limit_clause *

                     {default} reduce 10

State 118:
     (73) expression ::= PLACEHOLDER *

                     {default} reduce 73

State 119:
      (1) trailing_semicolon ::= SEMICOLON *

                     {default} reduce 1

State 120:
     (29) split_expressions_extra ::= split_expressions_extra COMMA split_expression *

                     {default} reduce 29

State 121:
     (24) from_clause ::= FROM LEFT_PAREN LITERAL RIGHT_PAREN alias_optional *

                     {default} reduce 24

State 122:
     (23) from_clause ::= FROM LEFT_PAREN select_union RIGHT_PAREN alias_optional *

                     {default} reduce 23

State 123:
     (13) select_fields_extra ::= select_fields_extra COMMA select_field *

                     {default} reduce 13

State 124:
          expression ::= expression * OP_EQ|OP_NE|OP_GT|OP_GTEQ|OP_LT|OP_LTEQ expression
          expression ::= expression * OP_OR|OP_AND expression
          expression ::= expression * OP_MINUS|OP_PLUS interval_expression
          expression ::= expression * OP_MULTIPLY|OP_DIVIDE expression
          expression ::= expression * OP_LIKE expression
          expression ::= expression * OP_NOT OP_LIKE expression
          expression ::= expression * OP_REGEXP expression
          expression ::= expression * OP_NOT OP_REGEXP expression
          expression ::= expression * OP_IN LEFT_PAREN expression comma_expressions_opt RIGHT_PAREN
          expression ::= expression * OP_NOT OP_IN LEFT_PAREN expression comma_expressions_opt RIGHT_PAREN
          expression ::= expression * OP_IN select_subquery_part
          expression ::= expression * OP_NOT OP_IN select_subquery_part
     (67) expression ::= OP_BANG|OP_NOT expression *

                     {default} reduce 67

State 125:
     (62) expression ::= expression OP_IN LEFT_PAREN expression comma_expressions_opt RIGHT_PAREN *

                     {default} reduce 62

State 126:
     (63) expression ::= expression OP_NOT OP_IN LEFT_PAREN expression comma_expressions_opt RIGHT_PAREN *

                     {default} reduce 63

State 127:
     (65) expression ::= expression OP_NOT OP_IN select_subquery_part *

                     {default} reduce 65

State 128:
     (54) expression ::= expression OP_MINUS|OP_PLUS interval_expression *

                     {default} reduce 54

State 129:
          expression ::= expression * OP_EQ|OP_NE|OP_GT|OP_GTEQ|OP_LT|OP_LTEQ expression
          expression ::= expression * OP_OR|OP_AND expression
          expression ::= expression * OP_MINUS|OP_PLUS interval_expression
          expression ::= expression * OP_MULTIPLY|OP_DIVIDE expression
          expression ::= expression * OP_LIKE expression
          expression ::= expression * OP_NOT OP_LIKE expression
          expression ::= expression * OP_REGEXP expression
          expression ::= expression * OP_NOT OP_REGEXP expression
          expression ::= expression * OP_IN LEFT_PAREN expression comma_expressions_opt RIGHT_PAREN
          expression ::= expression * OP_NOT OP_IN LEFT_PAREN expression comma_expressions_opt RIGHT_PAREN
          expression ::= expression * OP_IN select_subquery_part
          expression ::= expression * OP_NOT OP_IN select_subquery_part
     (66) expression ::= OP_MINUS expression *

                     {default} reduce 66

State 130:
     (17) select_field ::= COLUMN_STAR *

                     {default} reduce 17

State 131:
     (55) interval_expression ::= INTERVAL NUMBER LITERAL *

                     {default} reduce 55

State 132:
     (16) select_field ::= expression alias_optional *

                     {default} reduce 16

State 133:
          expression ::= expression * OP_EQ|OP_NE|OP_GT|OP_GTEQ|OP_LT|OP_LTEQ expression
          expression ::= expression * OP_OR|OP_AND expression
          expression ::= expression * OP_MINUS|OP_PLUS interval_expression
          expression ::= expression * OP_MULTIPLY|OP_DIVIDE expression
     (57) expression ::= expression OP_MULTIPLY|OP_DIVIDE expression *
          expression ::= expression * OP_LIKE expression
          expression ::= expression * OP_NOT OP_LIKE expression
          expression ::= expression * OP_REGEXP expression
          expression ::= expression * OP_NOT OP_REGEXP expression
          expression ::= expression * OP_IN LEFT_PAREN expression comma_expressions_opt RIGHT_PAREN
          expression ::= expression * OP_NOT OP_IN LEFT_PAREN expression comma_expressions_opt RIGHT_PAREN
          expression ::= expression * OP_IN select_subquery_part
          expression ::= expression * OP_NOT OP_IN select_subquery_part

                     {default} reduce 57

State 134:
     (72) expression ::= QUOTED *

                     {default} reduce 72

State 135:
      (3) select_paren ::= LEFT_PAREN select_query_part RIGHT_PAREN *

                     {default} reduce 3

State 136:
     (64) expression ::= expression OP_IN select_subquery_part *

                     {default} reduce 64

State 137:
      (4) select_union_paren ::= select_paren *

                     {default} reduce 4

State 138:
     (19) alias_optional ::= AS QUOTED *

                     {default} reduce 19

State 139:
     (18) alias_optional ::= AS LITERAL *

                     {default} reduce 18

State 140:
      (5) select_union ::= select_union_paren select_union trailing_semicolon *

                     {default} reduce 5

State 141:
     (11) select_subquery_part ::= LEFT_PAREN select_clause from_clause where_clause order_clause RIGHT_PAREN *

                     {default} reduce 11

State 142:
      (6) select_union ::= select_union OP_UNION select_union_paren *

                     {default} reduce 6

State 143:
     (15) select_field ::= select_subquery_part alias_optional *

                     {default} reduce 15

State 144:
      (7) select_union ::= select_union OP_UNION OP_ALL select_union_paren *

                     {default} reduce 7

State 145:
     (43) direction_opt ::= DESC *

                     {default} reduce 43

State 146:
      (8) select_union ::= select_union OP_UNION OP_DISTINCT select_union_paren *

                     {default} reduce 8

State 147:
     (42) direction_opt ::= ASC *

                     {default} reduce 42

State 148:
     (70) expression ::= COLUMN *

                     {default} reduce 70

