State 0:
          start ::= * select_query_part trailing_semicolon
          start ::= * select_paren select_union trailing_semicolon
          select_paren ::= * LEFT_PAREN select_query_part RIGHT_PAREN
          select_query_part ::= * select_clause from_clause where_clause split_clause group_clause with_rollup_clause order_clause limit_clause
          select_clause ::= * SELECT select_field select_fields_extra

                    LEFT_PAREN shift  14
                        SELECT shift  1
                         start accept
             select_query_part shift  40
                  select_paren shift  57
                 select_clause shift  53

State 1:
          select_subquery_part ::= * LEFT_PAREN select_clause from_clause where_clause order_clause RIGHT_PAREN
          select_clause ::= SELECT * select_field select_fields_extra
          select_field ::= * select_subquery_part alias_optional
          select_field ::= * expression alias_optional
          select_field ::= * COLUMN_STAR
          expression ::= * OP_EXISTS select_subquery_part
          expression ::= * expression OP_EQ|OP_NE|OP_GT|OP_GTEQ|OP_LT|OP_LTEQ expression
          expression ::= * expression OP_OR|OP_AND expression
          expression ::= * expression OP_MINUS|OP_PLUS interval_expression
          expression ::= * expression OP_MULTIPLY|OP_DIVIDE expression
          expression ::= * expression OP_LIKE expression
          expression ::= * expression OP_NOT OP_LIKE expression
          expression ::= * expression OP_REGEXP expression
          expression ::= * expression OP_NOT OP_REGEXP expression
          expression ::= * expression OP_IN LEFT_PAREN expression comma_expressions_opt RIGHT_PAREN
          expression ::= * expression OP_NOT OP_IN LEFT_PAREN expression comma_expressions_opt RIGHT_PAREN
          expression ::= * expression OP_IN select_subquery_part
          expression ::= * expression OP_NOT OP_IN select_subquery_part
          expression ::= * OP_MINUS expression
          expression ::= * OP_BANG|OP_NOT expression
          expression ::= * LEFT_PAREN expression RIGHT_PAREN
          expression ::= * LITERAL LEFT_PAREN func_args RIGHT_PAREN
          expression ::= * COLUMN
          expression ::= * LITERAL
          expression ::= * QUOTED
          expression ::= * PLACEHOLDER
          expression ::= * VARIABLE
          expression ::= * AT LITERAL
          expression ::= * AT QUOTED
          expression ::= * NUMBER
          expression ::= * NULL

                        OP_NOT shift  25
                      OP_MINUS shift  27
                       OP_BANG shift  25
                    LEFT_PAREN shift  5
                   COLUMN_STAR shift  134
                       LITERAL shift  91
                        QUOTED shift  121
                        NUMBER shift  126
                     OP_EXISTS shift  44
                        COLUMN shift  120
                   PLACEHOLDER shift  109
                      VARIABLE shift  122
                            AT shift  73
                          NULL shift  127
          select_subquery_part shift  39
                  select_field shift  56
                    expression shift  16

State 2:
          select_subquery_part ::= * LEFT_PAREN select_clause from_clause where_clause order_clause RIGHT_PAREN
          select_fields_extra ::= select_fields_extra COMMA * select_field
          select_field ::= * select_subquery_part alias_optional
          select_field ::= * expression alias_optional
          select_field ::= * COLUMN_STAR
          expression ::= * OP_EXISTS select_subquery_part
          expression ::= * expression OP_EQ|OP_NE|OP_GT|OP_GTEQ|OP_LT|OP_LTEQ expression
          expression ::= * expression OP_OR|OP_AND expression
          expression ::= * expression OP_MINUS|OP_PLUS interval_expression
          expression ::= * expression OP_MULTIPLY|OP_DIVIDE expression
          expression ::= * expression OP_LIKE expression
          expression ::= * expression OP_NOT OP_LIKE expression
          expression ::= * expression OP_REGEXP expression
          expression ::= * expression OP_NOT OP_REGEXP expression
          expression ::= * expression OP_IN LEFT_PAREN expression comma_expressions_opt RIGHT_PAREN
          expression ::= * expression OP_NOT OP_IN LEFT_PAREN expression comma_expressions_opt RIGHT_PAREN
          expression ::= * expression OP_IN select_subquery_part
          expression ::= * expression OP_NOT OP_IN select_subquery_part
          expression ::= * OP_MINUS expression
          expression ::= * OP_BANG|OP_NOT expression
          expression ::= * LEFT_PAREN expression RIGHT_PAREN
          expression ::= * LITERAL LEFT_PAREN func_args RIGHT_PAREN
          expression ::= * COLUMN
          expression ::= * LITERAL
          expression ::= * QUOTED
          expression ::= * PLACEHOLDER
          expression ::= * VARIABLE
          expression ::= * AT LITERAL
          expression ::= * AT QUOTED
          expression ::= * NUMBER
          expression ::= * NULL

                        OP_NOT shift  25
                      OP_MINUS shift  27
                       OP_BANG shift  25
                    LEFT_PAREN shift  5
                   COLUMN_STAR shift  134
                       LITERAL shift  91
                        QUOTED shift  121
                        NUMBER shift  126
                     OP_EXISTS shift  44
                        COLUMN shift  120
                   PLACEHOLDER shift  109
                      VARIABLE shift  122
                            AT shift  73
                          NULL shift  127
          select_subquery_part shift  39
                  select_field shift  129
                    expression shift  16

State 3:
          expression ::= * OP_EXISTS select_subquery_part
          expression ::= * expression OP_EQ|OP_NE|OP_GT|OP_GTEQ|OP_LT|OP_LTEQ expression
          expression ::= * expression OP_OR|OP_AND expression
          expression ::= * expression OP_MINUS|OP_PLUS interval_expression
          expression ::= expression OP_MINUS|OP_PLUS * interval_expression
          interval_expression ::= * INTERVAL NUMBER LITERAL
          interval_expression ::= * expression
          expression ::= * expression OP_MULTIPLY|OP_DIVIDE expression
          expression ::= * expression OP_LIKE expression
          expression ::= * expression OP_NOT OP_LIKE expression
          expression ::= * expression OP_REGEXP expression
          expression ::= * expression OP_NOT OP_REGEXP expression
          expression ::= * expression OP_IN LEFT_PAREN expression comma_expressions_opt RIGHT_PAREN
          expression ::= * expression OP_NOT OP_IN LEFT_PAREN expression comma_expressions_opt RIGHT_PAREN
          expression ::= * expression OP_IN select_subquery_part
          expression ::= * expression OP_NOT OP_IN select_subquery_part
          expression ::= * OP_MINUS expression
          expression ::= * OP_BANG|OP_NOT expression
          expression ::= * LEFT_PAREN expression RIGHT_PAREN
          expression ::= * LITERAL LEFT_PAREN func_args RIGHT_PAREN
          expression ::= * COLUMN
          expression ::= * LITERAL
          expression ::= * QUOTED
          expression ::= * PLACEHOLDER
          expression ::= * VARIABLE
          expression ::= * AT LITERAL
          expression ::= * AT QUOTED
          expression ::= * NUMBER
          expression ::= * NULL

                        OP_NOT shift  25
                      OP_MINUS shift  27
                       OP_BANG shift  25
                    LEFT_PAREN shift  24
                       LITERAL shift  91
                        QUOTED shift  121
                        NUMBER shift  126
                     OP_EXISTS shift  44
                      INTERVAL shift  79
                        COLUMN shift  120
                   PLACEHOLDER shift  109
                      VARIABLE shift  122
                            AT shift  73
                          NULL shift  127
                    expression shift  62
           interval_expression shift  100

State 4:
          select_subquery_part ::= LEFT_PAREN * select_clause from_clause where_clause order_clause RIGHT_PAREN
          select_clause ::= * SELECT select_field select_fields_extra
          expression ::= * OP_EXISTS select_subquery_part
          expression ::= * expression OP_EQ|OP_NE|OP_GT|OP_GTEQ|OP_LT|OP_LTEQ expression
          expression ::= * expression OP_OR|OP_AND expression
          expression ::= * expression OP_MINUS|OP_PLUS interval_expression
          expression ::= * expression OP_MULTIPLY|OP_DIVIDE expression
          expression ::= * expression OP_LIKE expression
          expression ::= * expression OP_NOT OP_LIKE expression
          expression ::= * expression OP_REGEXP expression
          expression ::= * expression OP_NOT OP_REGEXP expression
          expression ::= * expression OP_IN LEFT_PAREN expression comma_expressions_opt RIGHT_PAREN
          expression ::= expression OP_IN LEFT_PAREN * expression comma_expressions_opt RIGHT_PAREN
          expression ::= * expression OP_NOT OP_IN LEFT_PAREN expression comma_expressions_opt RIGHT_PAREN
          expression ::= * expression OP_IN select_subquery_part
          expression ::= * expression OP_NOT OP_IN select_subquery_part
          expression ::= * OP_MINUS expression
          expression ::= * OP_BANG|OP_NOT expression
          expression ::= * LEFT_PAREN expression RIGHT_PAREN
          expression ::= * LITERAL LEFT_PAREN func_args RIGHT_PAREN
          expression ::= * COLUMN
          expression ::= * LITERAL
          expression ::= * QUOTED
          expression ::= * PLACEHOLDER
          expression ::= * VARIABLE
          expression ::= * AT LITERAL
          expression ::= * AT QUOTED
          expression ::= * NUMBER
          expression ::= * NULL

                        OP_NOT shift  25
                      OP_MINUS shift  27
                       OP_BANG shift  25
                    LEFT_PAREN shift  24
                        SELECT shift  1
                       LITERAL shift  91
                        QUOTED shift  121
                        NUMBER shift  126
                     OP_EXISTS shift  44
                        COLUMN shift  120
                   PLACEHOLDER shift  109
                      VARIABLE shift  122
                            AT shift  73
                          NULL shift  127
                 select_clause shift  47
                    expression shift  19

State 5:
          select_subquery_part ::= LEFT_PAREN * select_clause from_clause where_clause order_clause RIGHT_PAREN
          select_clause ::= * SELECT select_field select_fields_extra
          expression ::= * OP_EXISTS select_subquery_part
          expression ::= * expression OP_EQ|OP_NE|OP_GT|OP_GTEQ|OP_LT|OP_LTEQ expression
          expression ::= * expression OP_OR|OP_AND expression
          expression ::= * expression OP_MINUS|OP_PLUS interval_expression
          expression ::= * expression OP_MULTIPLY|OP_DIVIDE expression
          expression ::= * expression OP_LIKE expression
          expression ::= * expression OP_NOT OP_LIKE expression
          expression ::= * expression OP_REGEXP expression
          expression ::= * expression OP_NOT OP_REGEXP expression
          expression ::= * expression OP_IN LEFT_PAREN expression comma_expressions_opt RIGHT_PAREN
          expression ::= * expression OP_NOT OP_IN LEFT_PAREN expression comma_expressions_opt RIGHT_PAREN
          expression ::= * expression OP_IN select_subquery_part
          expression ::= * expression OP_NOT OP_IN select_subquery_part
          expression ::= * OP_MINUS expression
          expression ::= * OP_BANG|OP_NOT expression
          expression ::= * LEFT_PAREN expression RIGHT_PAREN
          expression ::= LEFT_PAREN * expression RIGHT_PAREN
          expression ::= * LITERAL LEFT_PAREN func_args RIGHT_PAREN
          expression ::= * COLUMN
          expression ::= * LITERAL
          expression ::= * QUOTED
          expression ::= * PLACEHOLDER
          expression ::= * VARIABLE
          expression ::= * AT LITERAL
          expression ::= * AT QUOTED
          expression ::= * NUMBER
          expression ::= * NULL

                        OP_NOT shift  25
                      OP_MINUS shift  27
                       OP_BANG shift  25
                    LEFT_PAREN shift  24
                        SELECT shift  1
                       LITERAL shift  91
                        QUOTED shift  121
                        NUMBER shift  126
                     OP_EXISTS shift  44
                        COLUMN shift  120
                   PLACEHOLDER shift  109
                      VARIABLE shift  122
                            AT shift  73
                          NULL shift  127
                 select_clause shift  47
                    expression shift  59

State 6:
          select_subquery_part ::= LEFT_PAREN * select_clause from_clause where_clause order_clause RIGHT_PAREN
          select_clause ::= * SELECT select_field select_fields_extra
          expression ::= * OP_EXISTS select_subquery_part
          expression ::= * expression OP_EQ|OP_NE|OP_GT|OP_GTEQ|OP_LT|OP_LTEQ expression
          expression ::= * expression OP_OR|OP_AND expression
          expression ::= * expression OP_MINUS|OP_PLUS interval_expression
          expression ::= * expression OP_MULTIPLY|OP_DIVIDE expression
          expression ::= * expression OP_LIKE expression
          expression ::= * expression OP_NOT OP_LIKE expression
          expression ::= * expression OP_REGEXP expression
          expression ::= * expression OP_NOT OP_REGEXP expression
          expression ::= * expression OP_IN LEFT_PAREN expression comma_expressions_opt RIGHT_PAREN
          expression ::= * expression OP_NOT OP_IN LEFT_PAREN expression comma_expressions_opt RIGHT_PAREN
          expression ::= expression OP_NOT OP_IN LEFT_PAREN * expression comma_expressions_opt RIGHT_PAREN
          expression ::= * expression OP_IN select_subquery_part
          expression ::= * expression OP_NOT OP_IN select_subquery_part
          expression ::= * OP_MINUS expression
          expression ::= * OP_BANG|OP_NOT expression
          expression ::= * LEFT_PAREN expression RIGHT_PAREN
          expression ::= * LITERAL LEFT_PAREN func_args RIGHT_PAREN
          expression ::= * COLUMN
          expression ::= * LITERAL
          expression ::= * QUOTED
          expression ::= * PLACEHOLDER
          expression ::= * VARIABLE
          expression ::= * AT LITERAL
          expression ::= * AT QUOTED
          expression ::= * NUMBER
          expression ::= * NULL

                        OP_NOT shift  25
                      OP_MINUS shift  27
                       OP_BANG shift  25
                    LEFT_PAREN shift  24
                        SELECT shift  1
                       LITERAL shift  91
                        QUOTED shift  121
                        NUMBER shift  126
                     OP_EXISTS shift  44
                        COLUMN shift  120
                   PLACEHOLDER shift  109
                      VARIABLE shift  122
                            AT shift  73
                          NULL shift  127
                 select_clause shift  47
                    expression shift  20

State 7:
          group_clause ::= GROUP BY * group_expression group_expressions_extra
          group_expression ::= * expression alias_optional
          expression ::= * OP_EXISTS select_subquery_part
          expression ::= * expression OP_EQ|OP_NE|OP_GT|OP_GTEQ|OP_LT|OP_LTEQ expression
          expression ::= * expression OP_OR|OP_AND expression
          expression ::= * expression OP_MINUS|OP_PLUS interval_expression
          expression ::= * expression OP_MULTIPLY|OP_DIVIDE expression
          expression ::= * expression OP_LIKE expression
          expression ::= * expression OP_NOT OP_LIKE expression
          expression ::= * expression OP_REGEXP expression
          expression ::= * expression OP_NOT OP_REGEXP expression
          expression ::= * expression OP_IN LEFT_PAREN expression comma_expressions_opt RIGHT_PAREN
          expression ::= * expression OP_NOT OP_IN LEFT_PAREN expression comma_expressions_opt RIGHT_PAREN
          expression ::= * expression OP_IN select_subquery_part
          expression ::= * expression OP_NOT OP_IN select_subquery_part
          expression ::= * OP_MINUS expression
          expression ::= * OP_BANG|OP_NOT expression
          expression ::= * LEFT_PAREN expression RIGHT_PAREN
          expression ::= * LITERAL LEFT_PAREN func_args RIGHT_PAREN
          expression ::= * COLUMN
          expression ::= * LITERAL
          expression ::= * QUOTED
          expression ::= * PLACEHOLDER
          expression ::= * VARIABLE
          expression ::= * AT LITERAL
          expression ::= * AT QUOTED
          expression ::= * NUMBER
          expression ::= * NULL

                        OP_NOT shift  25
                      OP_MINUS shift  27
                       OP_BANG shift  25
                    LEFT_PAREN shift  24
                       LITERAL shift  91
                        QUOTED shift  121
                        NUMBER shift  126
                     OP_EXISTS shift  44
                        COLUMN shift  120
                   PLACEHOLDER shift  109
                      VARIABLE shift  122
                            AT shift  73
                          NULL shift  127
                    expression shift  17
              group_expression shift  58

State 8:
          order_clause ::= ORDER BY * order_expression comma_order_expression_opt
          order_expression ::= * expression direction_opt
          expression ::= * OP_EXISTS select_subquery_part
          expression ::= * expression OP_EQ|OP_NE|OP_GT|OP_GTEQ|OP_LT|OP_LTEQ expression
          expression ::= * expression OP_OR|OP_AND expression
          expression ::= * expression OP_MINUS|OP_PLUS interval_expression
          expression ::= * expression OP_MULTIPLY|OP_DIVIDE expression
          expression ::= * expression OP_LIKE expression
          expression ::= * expression OP_NOT OP_LIKE expression
          expression ::= * expression OP_REGEXP expression
          expression ::= * expression OP_NOT OP_REGEXP expression
          expression ::= * expression OP_IN LEFT_PAREN expression comma_expressions_opt RIGHT_PAREN
          expression ::= * expression OP_NOT OP_IN LEFT_PAREN expression comma_expressions_opt RIGHT_PAREN
          expression ::= * expression OP_IN select_subquery_part
          expression ::= * expression OP_NOT OP_IN select_subquery_part
          expression ::= * OP_MINUS expression
          expression ::= * OP_BANG|OP_NOT expression
          expression ::= * LEFT_PAREN expression RIGHT_PAREN
          expression ::= * LITERAL LEFT_PAREN func_args RIGHT_PAREN
          expression ::= * COLUMN
          expression ::= * LITERAL
          expression ::= * QUOTED
          expression ::= * PLACEHOLDER
          expression ::= * VARIABLE
          expression ::= * AT LITERAL
          expression ::= * AT QUOTED
          expression ::= * NUMBER
          expression ::= * NULL

                        OP_NOT shift  25
                      OP_MINUS shift  27
                       OP_BANG shift  25
                    LEFT_PAREN shift  24
                       LITERAL shift  91
                        QUOTED shift  121
                        NUMBER shift  126
                     OP_EXISTS shift  44
                        COLUMN shift  120
                   PLACEHOLDER shift  109
                      VARIABLE shift  122
                            AT shift  73
                          NULL shift  127
                    expression shift  15
              order_expression shift  55

State 9:
          order_expression ::= * expression direction_opt
          comma_order_expression_opt ::= comma_order_expression_opt COMMA * order_expression
          expression ::= * OP_EXISTS select_subquery_part
          expression ::= * expression OP_EQ|OP_NE|OP_GT|OP_GTEQ|OP_LT|OP_LTEQ expression
          expression ::= * expression OP_OR|OP_AND expression
          expression ::= * expression OP_MINUS|OP_PLUS interval_expression
          expression ::= * expression OP_MULTIPLY|OP_DIVIDE expression
          expression ::= * expression OP_LIKE expression
          expression ::= * expression OP_NOT OP_LIKE expression
          expression ::= * expression OP_REGEXP expression
          expression ::= * expression OP_NOT OP_REGEXP expression
          expression ::= * expression OP_IN LEFT_PAREN expression comma_expressions_opt RIGHT_PAREN
          expression ::= * expression OP_NOT OP_IN LEFT_PAREN expression comma_expressions_opt RIGHT_PAREN
          expression ::= * expression OP_IN select_subquery_part
          expression ::= * expression OP_NOT OP_IN select_subquery_part
          expression ::= * OP_MINUS expression
          expression ::= * OP_BANG|OP_NOT expression
          expression ::= * LEFT_PAREN expression RIGHT_PAREN
          expression ::= * LITERAL LEFT_PAREN func_args RIGHT_PAREN
          expression ::= * COLUMN
          expression ::= * LITERAL
          expression ::= * QUOTED
          expression ::= * PLACEHOLDER
          expression ::= * VARIABLE
          expression ::= * AT LITERAL
          expression ::= * AT QUOTED
          expression ::= * NUMBER
          expression ::= * NULL

                        OP_NOT shift  25
                      OP_MINUS shift  27
                       OP_BANG shift  25
                    LEFT_PAREN shift  24
                       LITERAL shift  91
                        QUOTED shift  121
                        NUMBER shift  126
                     OP_EXISTS shift  44
                        COLUMN shift  120
                   PLACEHOLDER shift  109
                      VARIABLE shift  122
                            AT shift  73
                          NULL shift  127
                    expression shift  15
              order_expression shift  97

State 10:
          expression ::= * OP_EXISTS select_subquery_part
          expression ::= * expression OP_EQ|OP_NE|OP_GT|OP_GTEQ|OP_LT|OP_LTEQ expression
          expression ::= * expression OP_OR|OP_AND expression
          expression ::= * expression OP_MINUS|OP_PLUS interval_expression
          expression ::= * expression OP_MULTIPLY|OP_DIVIDE expression
          expression ::= * expression OP_LIKE expression
          expression ::= * expression OP_NOT OP_LIKE expression
          expression ::= * expression OP_REGEXP expression
          expression ::= * expression OP_NOT OP_REGEXP expression
          expression ::= * expression OP_IN LEFT_PAREN expression comma_expressions_opt RIGHT_PAREN
          expression ::= * expression OP_NOT OP_IN LEFT_PAREN expression comma_expressions_opt RIGHT_PAREN
          expression ::= * expression OP_IN select_subquery_part
          expression ::= * expression OP_NOT OP_IN select_subquery_part
          expression ::= * OP_MINUS expression
          expression ::= * OP_BANG|OP_NOT expression
          expression ::= * LEFT_PAREN expression RIGHT_PAREN
          expression ::= * LITERAL LEFT_PAREN func_args RIGHT_PAREN
          expression ::= LITERAL LEFT_PAREN * func_args RIGHT_PAREN
          expression ::= * COLUMN
          expression ::= * LITERAL
          expression ::= * QUOTED
          expression ::= * PLACEHOLDER
          expression ::= * VARIABLE
          expression ::= * AT LITERAL
          expression ::= * AT QUOTED
          expression ::= * NUMBER
          expression ::= * NULL
          func_args ::= * expression comma_expressions_opt
     (76) func_args ::= *

                        OP_NOT shift  25
                      OP_MINUS shift  27
                       OP_BANG shift  25
                    LEFT_PAREN shift  24
                       LITERAL shift  91
                        QUOTED shift  121
                        NUMBER shift  126
                     OP_EXISTS shift  44
                        COLUMN shift  120
                   PLACEHOLDER shift  109
                      VARIABLE shift  122
                            AT shift  73
                          NULL shift  127
                    expression shift  18
                     func_args shift  78
                     {default} reduce 76

State 11:
          group_expressions_extra ::= group_expressions_extra COMMA * group_expression
          group_expression ::= * expression alias_optional
          expression ::= * OP_EXISTS select_subquery_part
          expression ::= * expression OP_EQ|OP_NE|OP_GT|OP_GTEQ|OP_LT|OP_LTEQ expression
          expression ::= * expression OP_OR|OP_AND expression
          expression ::= * expression OP_MINUS|OP_PLUS interval_expression
          expression ::= * expression OP_MULTIPLY|OP_DIVIDE expression
          expression ::= * expression OP_LIKE expression
          expression ::= * expression OP_NOT OP_LIKE expression
          expression ::= * expression OP_REGEXP expression
          expression ::= * expression OP_NOT OP_REGEXP expression
          expression ::= * expression OP_IN LEFT_PAREN expression comma_expressions_opt RIGHT_PAREN
          expression ::= * expression OP_NOT OP_IN LEFT_PAREN expression comma_expressions_opt RIGHT_PAREN
          expression ::= * expression OP_IN select_subquery_part
          expression ::= * expression OP_NOT OP_IN select_subquery_part
          expression ::= * OP_MINUS expression
          expression ::= * OP_BANG|OP_NOT expression
          expression ::= * LEFT_PAREN expression RIGHT_PAREN
          expression ::= * LITERAL LEFT_PAREN func_args RIGHT_PAREN
          expression ::= * COLUMN
          expression ::= * LITERAL
          expression ::= * QUOTED
          expression ::= * PLACEHOLDER
          expression ::= * VARIABLE
          expression ::= * AT LITERAL
          expression ::= * AT QUOTED
          expression ::= * NUMBER
          expression ::= * NULL

                        OP_NOT shift  25
                      OP_MINUS shift  27
                       OP_BANG shift  25
                    LEFT_PAREN shift  24
                       LITERAL shift  91
                        QUOTED shift  121
                        NUMBER shift  126
                     OP_EXISTS shift  44
                        COLUMN shift  120
                   PLACEHOLDER shift  109
                      VARIABLE shift  122
                            AT shift  73
                          NULL shift  127
                    expression shift  17
              group_expression shift  106

State 12:
          split_clause ::= SPLIT BY * split_expression split_expressions_extra
          split_expression ::= * expression
          expression ::= * OP_EXISTS select_subquery_part
          expression ::= * expression OP_EQ|OP_NE|OP_GT|OP_GTEQ|OP_LT|OP_LTEQ expression
          expression ::= * expression OP_OR|OP_AND expression
          expression ::= * expression OP_MINUS|OP_PLUS interval_expression
          expression ::= * expression OP_MULTIPLY|OP_DIVIDE expression
          expression ::= * expression OP_LIKE expression
          expression ::= * expression OP_NOT OP_LIKE expression
          expression ::= * expression OP_REGEXP expression
          expression ::= * expression OP_NOT OP_REGEXP expression
          expression ::= * expression OP_IN LEFT_PAREN expression comma_expressions_opt RIGHT_PAREN
          expression ::= * expression OP_NOT OP_IN LEFT_PAREN expression comma_expressions_opt RIGHT_PAREN
          expression ::= * expression OP_IN select_subquery_part
          expression ::= * expression OP_NOT OP_IN select_subquery_part
          expression ::= * OP_MINUS expression
          expression ::= * OP_BANG|OP_NOT expression
          expression ::= * LEFT_PAREN expression RIGHT_PAREN
          expression ::= * LITERAL LEFT_PAREN func_args RIGHT_PAREN
          expression ::= * COLUMN
          expression ::= * LITERAL
          expression ::= * QUOTED
          expression ::= * PLACEHOLDER
          expression ::= * VARIABLE
          expression ::= * AT LITERAL
          expression ::= * AT QUOTED
          expression ::= * NUMBER
          expression ::= * NULL

                        OP_NOT shift  25
                      OP_MINUS shift  27
                       OP_BANG shift  25
                    LEFT_PAREN shift  24
                       LITERAL shift  91
                        QUOTED shift  121
                        NUMBER shift  126
                     OP_EXISTS shift  44
                        COLUMN shift  120
                   PLACEHOLDER shift  109
                      VARIABLE shift  122
                            AT shift  73
                          NULL shift  127
                    expression shift  60
              split_expression shift  54

State 13:
          split_expressions_extra ::= split_expressions_extra COMMA * split_expression
          split_expression ::= * expression
          expression ::= * OP_EXISTS select_subquery_part
          expression ::= * expression OP_EQ|OP_NE|OP_GT|OP_GTEQ|OP_LT|OP_LTEQ expression
          expression ::= * expression OP_OR|OP_AND expression
          expression ::= * expression OP_MINUS|OP_PLUS interval_expression
          expression ::= * expression OP_MULTIPLY|OP_DIVIDE expression
          expression ::= * expression OP_LIKE expression
          expression ::= * expression OP_NOT OP_LIKE expression
          expression ::= * expression OP_REGEXP expression
          expression ::= * expression OP_NOT OP_REGEXP expression
          expression ::= * expression OP_IN LEFT_PAREN expression comma_expressions_opt RIGHT_PAREN
          expression ::= * expression OP_NOT OP_IN LEFT_PAREN expression comma_expressions_opt RIGHT_PAREN
          expression ::= * expression OP_IN select_subquery_part
          expression ::= * expression OP_NOT OP_IN select_subquery_part
          expression ::= * OP_MINUS expression
          expression ::= * OP_BANG|OP_NOT expression
          expression ::= * LEFT_PAREN expression RIGHT_PAREN
          expression ::= * LITERAL LEFT_PAREN func_args RIGHT_PAREN
          expression ::= * COLUMN
          expression ::= * LITERAL
          expression ::= * QUOTED
          expression ::= * PLACEHOLDER
          expression ::= * VARIABLE
          expression ::= * AT LITERAL
          expression ::= * AT QUOTED
          expression ::= * NUMBER
          expression ::= * NULL

                        OP_NOT shift  25
                      OP_MINUS shift  27
                       OP_BANG shift  25
                    LEFT_PAREN shift  24
                       LITERAL shift  91
                        QUOTED shift  121
                        NUMBER shift  126
                     OP_EXISTS shift  44
                        COLUMN shift  120
                   PLACEHOLDER shift  109
                      VARIABLE shift  122
                            AT shift  73
                          NULL shift  127
                    expression shift  60
              split_expression shift  103

State 14:
          select_paren ::= LEFT_PAREN * select_query_part RIGHT_PAREN
          select_query_part ::= * select_clause from_clause where_clause split_clause group_clause with_rollup_clause order_clause limit_clause
          select_clause ::= * SELECT select_field select_fields_extra

                        SELECT shift  1
             select_query_part shift  83
                 select_clause shift  53

State 15:
          order_expression ::= expression * direction_opt
          direction_opt ::= * ASC
          direction_opt ::= * DESC
     (40) direction_opt ::= *
          expression ::= expression * OP_EQ|OP_NE|OP_GT|OP_GTEQ|OP_LT|OP_LTEQ expression
          expression ::= expression * OP_OR|OP_AND expression
          expression ::= expression * OP_MINUS|OP_PLUS interval_expression
          expression ::= expression * OP_MULTIPLY|OP_DIVIDE expression
          expression ::= expression * OP_LIKE expression
          expression ::= expression * OP_NOT OP_LIKE expression
          expression ::= expression * OP_REGEXP expression
          expression ::= expression * OP_NOT OP_REGEXP expression
          expression ::= expression * OP_IN LEFT_PAREN expression comma_expressions_opt RIGHT_PAREN
          expression ::= expression * OP_NOT OP_IN LEFT_PAREN expression comma_expressions_opt RIGHT_PAREN
          expression ::= expression * OP_IN select_subquery_part
          expression ::= expression * OP_NOT OP_IN select_subquery_part

                         OP_OR shift  21
                        OP_AND shift  21
                        OP_NOT shift  70
                         OP_EQ shift  22
                         OP_NE shift  22
                         OP_GT shift  22
                       OP_GTEQ shift  22
                         OP_LT shift  22
                       OP_LTEQ shift  22
                         OP_IN shift  36
                       OP_LIKE shift  30
                     OP_REGEXP shift  32
                      OP_MINUS shift  3
                       OP_PLUS shift  3
                   OP_MULTIPLY shift  28
                     OP_DIVIDE shift  28
                           ASC shift  112
                          DESC shift  111
                 direction_opt shift  113
                     {default} reduce 40

State 16:
          select_field ::= expression * alias_optional
          alias_optional ::= * AS LITERAL
          alias_optional ::= * AS QUOTED
     (18) alias_optional ::= *
          expression ::= expression * OP_EQ|OP_NE|OP_GT|OP_GTEQ|OP_LT|OP_LTEQ expression
          expression ::= expression * OP_OR|OP_AND expression
          expression ::= expression * OP_MINUS|OP_PLUS interval_expression
          expression ::= expression * OP_MULTIPLY|OP_DIVIDE expression
          expression ::= expression * OP_LIKE expression
          expression ::= expression * OP_NOT OP_LIKE expression
          expression ::= expression * OP_REGEXP expression
          expression ::= expression * OP_NOT OP_REGEXP expression
          expression ::= expression * OP_IN LEFT_PAREN expression comma_expressions_opt RIGHT_PAREN
          expression ::= expression * OP_NOT OP_IN LEFT_PAREN expression comma_expressions_opt RIGHT_PAREN
          expression ::= expression * OP_IN select_subquery_part
          expression ::= expression * OP_NOT OP_IN select_subquery_part

                         OP_OR shift  21
                        OP_AND shift  21
                        OP_NOT shift  70
                         OP_EQ shift  22
                         OP_NE shift  22
                         OP_GT shift  22
                       OP_GTEQ shift  22
                         OP_LT shift  22
                       OP_LTEQ shift  22
                         OP_IN shift  36
                       OP_LIKE shift  30
                     OP_REGEXP shift  32
                      OP_MINUS shift  3
                       OP_PLUS shift  3
                   OP_MULTIPLY shift  28
                     OP_DIVIDE shift  28
                            AS shift  74
                alias_optional shift  133
                     {default} reduce 18

State 17:
          alias_optional ::= * AS LITERAL
          alias_optional ::= * AS QUOTED
     (18) alias_optional ::= *
          group_expression ::= expression * alias_optional
          expression ::= expression * OP_EQ|OP_NE|OP_GT|OP_GTEQ|OP_LT|OP_LTEQ expression
          expression ::= expression * OP_OR|OP_AND expression
          expression ::= expression * OP_MINUS|OP_PLUS interval_expression
          expression ::= expression * OP_MULTIPLY|OP_DIVIDE expression
          expression ::= expression * OP_LIKE expression
          expression ::= expression * OP_NOT OP_LIKE expression
          expression ::= expression * OP_REGEXP expression
          expression ::= expression * OP_NOT OP_REGEXP expression
          expression ::= expression * OP_IN LEFT_PAREN expression comma_expressions_opt RIGHT_PAREN
          expression ::= expression * OP_NOT OP_IN LEFT_PAREN expression comma_expressions_opt RIGHT_PAREN
          expression ::= expression * OP_IN select_subquery_part
          expression ::= expression * OP_NOT OP_IN select_subquery_part

                         OP_OR shift  21
                        OP_AND shift  21
                        OP_NOT shift  70
                         OP_EQ shift  22
                         OP_NE shift  22
                         OP_GT shift  22
                       OP_GTEQ shift  22
                         OP_LT shift  22
                       OP_LTEQ shift  22
                         OP_IN shift  36
                       OP_LIKE shift  30
                     OP_REGEXP shift  32
                      OP_MINUS shift  3
                       OP_PLUS shift  3
                   OP_MULTIPLY shift  28
                     OP_DIVIDE shift  28
                            AS shift  74
                alias_optional shift  101
                     {default} reduce 18

State 18:
          expression ::= expression * OP_EQ|OP_NE|OP_GT|OP_GTEQ|OP_LT|OP_LTEQ expression
          expression ::= expression * OP_OR|OP_AND expression
          expression ::= expression * OP_MINUS|OP_PLUS interval_expression
          expression ::= expression * OP_MULTIPLY|OP_DIVIDE expression
          expression ::= expression * OP_LIKE expression
          expression ::= expression * OP_NOT OP_LIKE expression
          expression ::= expression * OP_REGEXP expression
          expression ::= expression * OP_NOT OP_REGEXP expression
          expression ::= expression * OP_IN LEFT_PAREN expression comma_expressions_opt RIGHT_PAREN
          expression ::= expression * OP_NOT OP_IN LEFT_PAREN expression comma_expressions_opt RIGHT_PAREN
          expression ::= expression * OP_IN select_subquery_part
          expression ::= expression * OP_NOT OP_IN select_subquery_part
          func_args ::= expression * comma_expressions_opt
          comma_expressions_opt ::= * comma_expressions_opt COMMA expression
     (78) comma_expressions_opt ::= *

                         OP_OR shift  21
                        OP_AND shift  21
                        OP_NOT shift  70
                         OP_EQ shift  22
                         OP_NE shift  22
                         OP_GT shift  22
                       OP_GTEQ shift  22
                         OP_LT shift  22
                       OP_LTEQ shift  22
                         OP_IN shift  36
                       OP_LIKE shift  30
                     OP_REGEXP shift  32
                      OP_MINUS shift  3
                       OP_PLUS shift  3
                   OP_MULTIPLY shift  28
                     OP_DIVIDE shift  28
         comma_expressions_opt shift  84
                     {default} reduce 78

State 19:
          expression ::= expression * OP_EQ|OP_NE|OP_GT|OP_GTEQ|OP_LT|OP_LTEQ expression
          expression ::= expression * OP_OR|OP_AND expression
          expression ::= expression * OP_MINUS|OP_PLUS interval_expression
          expression ::= expression * OP_MULTIPLY|OP_DIVIDE expression
          expression ::= expression * OP_LIKE expression
          expression ::= expression * OP_NOT OP_LIKE expression
          expression ::= expression * OP_REGEXP expression
          expression ::= expression * OP_NOT OP_REGEXP expression
          expression ::= expression * OP_IN LEFT_PAREN expression comma_expressions_opt RIGHT_PAREN
          expression ::= expression OP_IN LEFT_PAREN expression * comma_expressions_opt RIGHT_PAREN
          expression ::= expression * OP_NOT OP_IN LEFT_PAREN expression comma_expressions_opt RIGHT_PAREN
          expression ::= expression * OP_IN select_subquery_part
          expression ::= expression * OP_NOT OP_IN select_subquery_part
          comma_expressions_opt ::= * comma_expressions_opt COMMA expression
     (78) comma_expressions_opt ::= *

                         OP_OR shift  21
                        OP_AND shift  21
                        OP_NOT shift  70
                         OP_EQ shift  22
                         OP_NE shift  22
                         OP_GT shift  22
                       OP_GTEQ shift  22
                         OP_LT shift  22
                       OP_LTEQ shift  22
                         OP_IN shift  36
                       OP_LIKE shift  30
                     OP_REGEXP shift  32
                      OP_MINUS shift  3
                       OP_PLUS shift  3
                   OP_MULTIPLY shift  28
                     OP_DIVIDE shift  28
         comma_expressions_opt shift  72
                     {default} reduce 78

State 20:
          expression ::= expression * OP_EQ|OP_NE|OP_GT|OP_GTEQ|OP_LT|OP_LTEQ expression
          expression ::= expression * OP_OR|OP_AND expression
          expression ::= expression * OP_MINUS|OP_PLUS interval_expression
          expression ::= expression * OP_MULTIPLY|OP_DIVIDE expression
          expression ::= expression * OP_LIKE expression
          expression ::= expression * OP_NOT OP_LIKE expression
          expression ::= expression * OP_REGEXP expression
          expression ::= expression * OP_NOT OP_REGEXP expression
          expression ::= expression * OP_IN LEFT_PAREN expression comma_expressions_opt RIGHT_PAREN
          expression ::= expression * OP_NOT OP_IN LEFT_PAREN expression comma_expressions_opt RIGHT_PAREN
          expression ::= expression OP_NOT OP_IN LEFT_PAREN expression * comma_expressions_opt RIGHT_PAREN
          expression ::= expression * OP_IN select_subquery_part
          expression ::= expression * OP_NOT OP_IN select_subquery_part
          comma_expressions_opt ::= * comma_expressions_opt COMMA expression
     (78) comma_expressions_opt ::= *

                         OP_OR shift  21
                        OP_AND shift  21
                        OP_NOT shift  70
                         OP_EQ shift  22
                         OP_NE shift  22
                         OP_GT shift  22
                       OP_GTEQ shift  22
                         OP_LT shift  22
                       OP_LTEQ shift  22
                         OP_IN shift  36
                       OP_LIKE shift  30
                     OP_REGEXP shift  32
                      OP_MINUS shift  3
                       OP_PLUS shift  3
                   OP_MULTIPLY shift  28
                     OP_DIVIDE shift  28
         comma_expressions_opt shift  71
                     {default} reduce 78

State 21:
          expression ::= * OP_EXISTS select_subquery_part
          expression ::= * expression OP_EQ|OP_NE|OP_GT|OP_GTEQ|OP_LT|OP_LTEQ expression
          expression ::= * expression OP_OR|OP_AND expression
          expression ::= expression OP_OR|OP_AND * expression
          expression ::= * expression OP_MINUS|OP_PLUS interval_expression
          expression ::= * expression OP_MULTIPLY|OP_DIVIDE expression
          expression ::= * expression OP_LIKE expression
          expression ::= * expression OP_NOT OP_LIKE expression
          expression ::= * expression OP_REGEXP expression
          expression ::= * expression OP_NOT OP_REGEXP expression
          expression ::= * expression OP_IN LEFT_PAREN expression comma_expressions_opt RIGHT_PAREN
          expression ::= * expression OP_NOT OP_IN LEFT_PAREN expression comma_expressions_opt RIGHT_PAREN
          expression ::= * expression OP_IN select_subquery_part
          expression ::= * expression OP_NOT OP_IN select_subquery_part
          expression ::= * OP_MINUS expression
          expression ::= * OP_BANG|OP_NOT expression
          expression ::= * LEFT_PAREN expression RIGHT_PAREN
          expression ::= * LITERAL LEFT_PAREN func_args RIGHT_PAREN
          expression ::= * COLUMN
          expression ::= * LITERAL
          expression ::= * QUOTED
          expression ::= * PLACEHOLDER
          expression ::= * VARIABLE
          expression ::= * AT LITERAL
          expression ::= * AT QUOTED
          expression ::= * NUMBER
          expression ::= * NULL

                        OP_NOT shift  25
                      OP_MINUS shift  27
                       OP_BANG shift  25
                    LEFT_PAREN shift  24
                       LITERAL shift  91
                        QUOTED shift  121
                        NUMBER shift  126
                     OP_EXISTS shift  44
                        COLUMN shift  120
                   PLACEHOLDER shift  109
                      VARIABLE shift  122
                            AT shift  73
                          NULL shift  127
                    expression shift  64

State 22:
          expression ::= * OP_EXISTS select_subquery_part
          expression ::= * expression OP_EQ|OP_NE|OP_GT|OP_GTEQ|OP_LT|OP_LTEQ expression
          expression ::= expression OP_EQ|OP_NE|OP_GT|OP_GTEQ|OP_LT|OP_LTEQ * expression
          expression ::= * expression OP_OR|OP_AND expression
          expression ::= * expression OP_MINUS|OP_PLUS interval_expression
          expression ::= * expression OP_MULTIPLY|OP_DIVIDE expression
          expression ::= * expression OP_LIKE expression
          expression ::= * expression OP_NOT OP_LIKE expression
          expression ::= * expression OP_REGEXP expression
          expression ::= * expression OP_NOT OP_REGEXP expression
          expression ::= * expression OP_IN LEFT_PAREN expression comma_expressions_opt RIGHT_PAREN
          expression ::= * expression OP_NOT OP_IN LEFT_PAREN expression comma_expressions_opt RIGHT_PAREN
          expression ::= * expression OP_IN select_subquery_part
          expression ::= * expression OP_NOT OP_IN select_subquery_part
          expression ::= * OP_MINUS expression
          expression ::= * OP_BANG|OP_NOT expression
          expression ::= * LEFT_PAREN expression RIGHT_PAREN
          expression ::= * LITERAL LEFT_PAREN func_args RIGHT_PAREN
          expression ::= * COLUMN
          expression ::= * LITERAL
          expression ::= * QUOTED
          expression ::= * PLACEHOLDER
          expression ::= * VARIABLE
          expression ::= * AT LITERAL
          expression ::= * AT QUOTED
          expression ::= * NUMBER
          expression ::= * NULL

                        OP_NOT shift  25
                      OP_MINUS shift  27
                       OP_BANG shift  25
                    LEFT_PAREN shift  24
                       LITERAL shift  91
                        QUOTED shift  121
                        NUMBER shift  126
                     OP_EXISTS shift  44
                        COLUMN shift  120
                   PLACEHOLDER shift  109
                      VARIABLE shift  122
                            AT shift  73
                          NULL shift  127
                    expression shift  69

State 23:
          expression ::= * OP_EXISTS select_subquery_part
          expression ::= * expression OP_EQ|OP_NE|OP_GT|OP_GTEQ|OP_LT|OP_LTEQ expression
          expression ::= * expression OP_OR|OP_AND expression
          expression ::= * expression OP_MINUS|OP_PLUS interval_expression
          expression ::= * expression OP_MULTIPLY|OP_DIVIDE expression
          expression ::= * expression OP_LIKE expression
          expression ::= * expression OP_NOT OP_LIKE expression
          expression ::= * expression OP_REGEXP expression
          expression ::= * expression OP_NOT OP_REGEXP expression
          expression ::= * expression OP_IN LEFT_PAREN expression comma_expressions_opt RIGHT_PAREN
          expression ::= * expression OP_NOT OP_IN LEFT_PAREN expression comma_expressions_opt RIGHT_PAREN
          expression ::= * expression OP_IN select_subquery_part
          expression ::= * expression OP_NOT OP_IN select_subquery_part
          expression ::= * OP_MINUS expression
          expression ::= * OP_BANG|OP_NOT expression
          expression ::= * LEFT_PAREN expression RIGHT_PAREN
          expression ::= * LITERAL LEFT_PAREN func_args RIGHT_PAREN
          expression ::= * COLUMN
          expression ::= * LITERAL
          expression ::= * QUOTED
          expression ::= * PLACEHOLDER
          expression ::= * VARIABLE
          expression ::= * AT LITERAL
          expression ::= * AT QUOTED
          expression ::= * NUMBER
          expression ::= * NULL
          comma_expressions_opt ::= comma_expressions_opt COMMA * expression

                        OP_NOT shift  25
                      OP_MINUS shift  27
                       OP_BANG shift  25
                    LEFT_PAREN shift  24
                       LITERAL shift  91
                        QUOTED shift  121
                        NUMBER shift  126
                     OP_EXISTS shift  44
                        COLUMN shift  120
                   PLACEHOLDER shift  109
                      VARIABLE shift  122
                            AT shift  73
                          NULL shift  127
                    expression shift  61

State 24:
          expression ::= * OP_EXISTS select_subquery_part
          expression ::= * expression OP_EQ|OP_NE|OP_GT|OP_GTEQ|OP_LT|OP_LTEQ expression
          expression ::= * expression OP_OR|OP_AND expression
          expression ::= * expression OP_MINUS|OP_PLUS interval_expression
          expression ::= * expression OP_MULTIPLY|OP_DIVIDE expression
          expression ::= * expression OP_LIKE expression
          expression ::= * expression OP_NOT OP_LIKE expression
          expression ::= * expression OP_REGEXP expression
          expression ::= * expression OP_NOT OP_REGEXP expression
          expression ::= * expression OP_IN LEFT_PAREN expression comma_expressions_opt RIGHT_PAREN
          expression ::= * expression OP_NOT OP_IN LEFT_PAREN expression comma_expressions_opt RIGHT_PAREN
          expression ::= * expression OP_IN select_subquery_part
          expression ::= * expression OP_NOT OP_IN select_subquery_part
          expression ::= * OP_MINUS expression
          expression ::= * OP_BANG|OP_NOT expression
          expression ::= * LEFT_PAREN expression RIGHT_PAREN
          expression ::= LEFT_PAREN * expression RIGHT_PAREN
          expression ::= * LITERAL LEFT_PAREN func_args RIGHT_PAREN
          expression ::= * COLUMN
          expression ::= * LITERAL
          expression ::= * QUOTED
          expression ::= * PLACEHOLDER
          expression ::= * VARIABLE
          expression ::= * AT LITERAL
          expression ::= * AT QUOTED
          expression ::= * NUMBER
          expression ::= * NULL

                        OP_NOT shift  25
                      OP_MINUS shift  27
                       OP_BANG shift  25
                    LEFT_PAREN shift  24
                       LITERAL shift  91
                        QUOTED shift  121
                        NUMBER shift  126
                     OP_EXISTS shift  44
                        COLUMN shift  120
                   PLACEHOLDER shift  109
                      VARIABLE shift  122
                            AT shift  73
                          NULL shift  127
                    expression shift  59

State 25:
          expression ::= * OP_EXISTS select_subquery_part
          expression ::= * expression OP_EQ|OP_NE|OP_GT|OP_GTEQ|OP_LT|OP_LTEQ expression
          expression ::= * expression OP_OR|OP_AND expression
          expression ::= * expression OP_MINUS|OP_PLUS interval_expression
          expression ::= * expression OP_MULTIPLY|OP_DIVIDE expression
          expression ::= * expression OP_LIKE expression
          expression ::= * expression OP_NOT OP_LIKE expression
          expression ::= * expression OP_REGEXP expression
          expression ::= * expression OP_NOT OP_REGEXP expression
          expression ::= * expression OP_IN LEFT_PAREN expression comma_expressions_opt RIGHT_PAREN
          expression ::= * expression OP_NOT OP_IN LEFT_PAREN expression comma_expressions_opt RIGHT_PAREN
          expression ::= * expression OP_IN select_subquery_part
          expression ::= * expression OP_NOT OP_IN select_subquery_part
          expression ::= * OP_MINUS expression
          expression ::= * OP_BANG|OP_NOT expression
          expression ::= OP_BANG|OP_NOT * expression
          expression ::= * LEFT_PAREN expression RIGHT_PAREN
          expression ::= * LITERAL LEFT_PAREN func_args RIGHT_PAREN
          expression ::= * COLUMN
          expression ::= * LITERAL
          expression ::= * QUOTED
          expression ::= * PLACEHOLDER
          expression ::= * VARIABLE
          expression ::= * AT LITERAL
          expression ::= * AT QUOTED
          expression ::= * NUMBER
          expression ::= * NULL

                        OP_NOT shift  25
                      OP_MINUS shift  27
                       OP_BANG shift  25
                    LEFT_PAREN shift  24
                       LITERAL shift  91
                        QUOTED shift  121
                        NUMBER shift  126
                     OP_EXISTS shift  44
                        COLUMN shift  120
                   PLACEHOLDER shift  109
                      VARIABLE shift  122
                            AT shift  73
                          NULL shift  127
                    expression shift  116

State 26:
          expression ::= * OP_EXISTS select_subquery_part
          expression ::= * expression OP_EQ|OP_NE|OP_GT|OP_GTEQ|OP_LT|OP_LTEQ expression
          expression ::= * expression OP_OR|OP_AND expression
          expression ::= * expression OP_MINUS|OP_PLUS interval_expression
          expression ::= * expression OP_MULTIPLY|OP_DIVIDE expression
          expression ::= * expression OP_LIKE expression
          expression ::= * expression OP_NOT OP_LIKE expression
          expression ::= * expression OP_REGEXP expression
          expression ::= * expression OP_NOT OP_REGEXP expression
          expression ::= expression OP_NOT OP_REGEXP * expression
          expression ::= * expression OP_IN LEFT_PAREN expression comma_expressions_opt RIGHT_PAREN
          expression ::= * expression OP_NOT OP_IN LEFT_PAREN expression comma_expressions_opt RIGHT_PAREN
          expression ::= * expression OP_IN select_subquery_part
          expression ::= * expression OP_NOT OP_IN select_subquery_part
          expression ::= * OP_MINUS expression
          expression ::= * OP_BANG|OP_NOT expression
          expression ::= * LEFT_PAREN expression RIGHT_PAREN
          expression ::= * LITERAL LEFT_PAREN func_args RIGHT_PAREN
          expression ::= * COLUMN
          expression ::= * LITERAL
          expression ::= * QUOTED
          expression ::= * PLACEHOLDER
          expression ::= * VARIABLE
          expression ::= * AT LITERAL
          expression ::= * AT QUOTED
          expression ::= * NUMBER
          expression ::= * NULL

                        OP_NOT shift  25
                      OP_MINUS shift  27
                       OP_BANG shift  25
                    LEFT_PAREN shift  24
                       LITERAL shift  91
                        QUOTED shift  121
                        NUMBER shift  126
                     OP_EXISTS shift  44
                        COLUMN shift  120
                   PLACEHOLDER shift  109
                      VARIABLE shift  122
                            AT shift  73
                          NULL shift  127
                    expression shift  66

State 27:
          expression ::= * OP_EXISTS select_subquery_part
          expression ::= * expression OP_EQ|OP_NE|OP_GT|OP_GTEQ|OP_LT|OP_LTEQ expression
          expression ::= * expression OP_OR|OP_AND expression
          expression ::= * expression OP_MINUS|OP_PLUS interval_expression
          expression ::= * expression OP_MULTIPLY|OP_DIVIDE expression
          expression ::= * expression OP_LIKE expression
          expression ::= * expression OP_NOT OP_LIKE expression
          expression ::= * expression OP_REGEXP expression
          expression ::= * expression OP_NOT OP_REGEXP expression
          expression ::= * expression OP_IN LEFT_PAREN expression comma_expressions_opt RIGHT_PAREN
          expression ::= * expression OP_NOT OP_IN LEFT_PAREN expression comma_expressions_opt RIGHT_PAREN
          expression ::= * expression OP_IN select_subquery_part
          expression ::= * expression OP_NOT OP_IN select_subquery_part
          expression ::= * OP_MINUS expression
          expression ::= OP_MINUS * expression
          expression ::= * OP_BANG|OP_NOT expression
          expression ::= * LEFT_PAREN expression RIGHT_PAREN
          expression ::= * LITERAL LEFT_PAREN func_args RIGHT_PAREN
          expression ::= * COLUMN
          expression ::= * LITERAL
          expression ::= * QUOTED
          expression ::= * PLACEHOLDER
          expression ::= * VARIABLE
          expression ::= * AT LITERAL
          expression ::= * AT QUOTED
          expression ::= * NUMBER
          expression ::= * NULL

                        OP_NOT shift  25
                      OP_MINUS shift  27
                       OP_BANG shift  25
                    LEFT_PAREN shift  24
                       LITERAL shift  91
                        QUOTED shift  121
                        NUMBER shift  126
                     OP_EXISTS shift  44
                        COLUMN shift  120
                   PLACEHOLDER shift  109
                      VARIABLE shift  122
                            AT shift  73
                          NULL shift  127
                    expression shift  115

State 28:
          expression ::= * OP_EXISTS select_subquery_part
          expression ::= * expression OP_EQ|OP_NE|OP_GT|OP_GTEQ|OP_LT|OP_LTEQ expression
          expression ::= * expression OP_OR|OP_AND expression
          expression ::= * expression OP_MINUS|OP_PLUS interval_expression
          expression ::= * expression OP_MULTIPLY|OP_DIVIDE expression
          expression ::= expression OP_MULTIPLY|OP_DIVIDE * expression
          expression ::= * expression OP_LIKE expression
          expression ::= * expression OP_NOT OP_LIKE expression
          expression ::= * expression OP_REGEXP expression
          expression ::= * expression OP_NOT OP_REGEXP expression
          expression ::= * expression OP_IN LEFT_PAREN expression comma_expressions_opt RIGHT_PAREN
          expression ::= * expression OP_NOT OP_IN LEFT_PAREN expression comma_expressions_opt RIGHT_PAREN
          expression ::= * expression OP_IN select_subquery_part
          expression ::= * expression OP_NOT OP_IN select_subquery_part
          expression ::= * OP_MINUS expression
          expression ::= * OP_BANG|OP_NOT expression
          expression ::= * LEFT_PAREN expression RIGHT_PAREN
          expression ::= * LITERAL LEFT_PAREN func_args RIGHT_PAREN
          expression ::= * COLUMN
          expression ::= * LITERAL
          expression ::= * QUOTED
          expression ::= * PLACEHOLDER
          expression ::= * VARIABLE
          expression ::= * AT LITERAL
          expression ::= * AT QUOTED
          expression ::= * NUMBER
          expression ::= * NULL

                        OP_NOT shift  25
                      OP_MINUS shift  27
                       OP_BANG shift  25
                    LEFT_PAREN shift  24
                       LITERAL shift  91
                        QUOTED shift  121
                        NUMBER shift  126
                     OP_EXISTS shift  44
                        COLUMN shift  120
                   PLACEHOLDER shift  109
                      VARIABLE shift  122
                            AT shift  73
                          NULL shift  127
                    expression shift  110

State 29:
          where_clause ::= WHERE * expression
          expression ::= * OP_EXISTS select_subquery_part
          expression ::= * expression OP_EQ|OP_NE|OP_GT|OP_GTEQ|OP_LT|OP_LTEQ expression
          expression ::= * expression OP_OR|OP_AND expression
          expression ::= * expression OP_MINUS|OP_PLUS interval_expression
          expression ::= * expression OP_MULTIPLY|OP_DIVIDE expression
          expression ::= * expression OP_LIKE expression
          expression ::= * expression OP_NOT OP_LIKE expression
          expression ::= * expression OP_REGEXP expression
          expression ::= * expression OP_NOT OP_REGEXP expression
          expression ::= * expression OP_IN LEFT_PAREN expression comma_expressions_opt RIGHT_PAREN
          expression ::= * expression OP_NOT OP_IN LEFT_PAREN expression comma_expressions_opt RIGHT_PAREN
          expression ::= * expression OP_IN select_subquery_part
          expression ::= * expression OP_NOT OP_IN select_subquery_part
          expression ::= * OP_MINUS expression
          expression ::= * OP_BANG|OP_NOT expression
          expression ::= * LEFT_PAREN expression RIGHT_PAREN
          expression ::= * LITERAL LEFT_PAREN func_args RIGHT_PAREN
          expression ::= * COLUMN
          expression ::= * LITERAL
          expression ::= * QUOTED
          expression ::= * PLACEHOLDER
          expression ::= * VARIABLE
          expression ::= * AT LITERAL
          expression ::= * AT QUOTED
          expression ::= * NUMBER
          expression ::= * NULL

                        OP_NOT shift  25
                      OP_MINUS shift  27
                       OP_BANG shift  25
                    LEFT_PAREN shift  24
                       LITERAL shift  91
                        QUOTED shift  121
                        NUMBER shift  126
                     OP_EXISTS shift  44
                        COLUMN shift  120
                   PLACEHOLDER shift  109
                      VARIABLE shift  122
                            AT shift  73
                          NULL shift  127
                    expression shift  63

State 30:
          expression ::= * OP_EXISTS select_subquery_part
          expression ::= * expression OP_EQ|OP_NE|OP_GT|OP_GTEQ|OP_LT|OP_LTEQ expression
          expression ::= * expression OP_OR|OP_AND expression
          expression ::= * expression OP_MINUS|OP_PLUS interval_expression
          expression ::= * expression OP_MULTIPLY|OP_DIVIDE expression
          expression ::= * expression OP_LIKE expression
          expression ::= expression OP_LIKE * expression
          expression ::= * expression OP_NOT OP_LIKE expression
          expression ::= * expression OP_REGEXP expression
          expression ::= * expression OP_NOT OP_REGEXP expression
          expression ::= * expression OP_IN LEFT_PAREN expression comma_expressions_opt RIGHT_PAREN
          expression ::= * expression OP_NOT OP_IN LEFT_PAREN expression comma_expressions_opt RIGHT_PAREN
          expression ::= * expression OP_IN select_subquery_part
          expression ::= * expression OP_NOT OP_IN select_subquery_part
          expression ::= * OP_MINUS expression
          expression ::= * OP_BANG|OP_NOT expression
          expression ::= * LEFT_PAREN expression RIGHT_PAREN
          expression ::= * LITERAL LEFT_PAREN func_args RIGHT_PAREN
          expression ::= * COLUMN
          expression ::= * LITERAL
          expression ::= * QUOTED
          expression ::= * PLACEHOLDER
          expression ::= * VARIABLE
          expression ::= * AT LITERAL
          expression ::= * AT QUOTED
          expression ::= * NUMBER
          expression ::= * NULL

                        OP_NOT shift  25
                      OP_MINUS shift  27
                       OP_BANG shift  25
                    LEFT_PAREN shift  24
                       LITERAL shift  91
                        QUOTED shift  121
                        NUMBER shift  126
                     OP_EXISTS shift  44
                        COLUMN shift  120
                   PLACEHOLDER shift  109
                      VARIABLE shift  122
                            AT shift  73
                          NULL shift  127
                    expression shift  67

State 31:
          expression ::= * OP_EXISTS select_subquery_part
          expression ::= * expression OP_EQ|OP_NE|OP_GT|OP_GTEQ|OP_LT|OP_LTEQ expression
          expression ::= * expression OP_OR|OP_AND expression
          expression ::= * expression OP_MINUS|OP_PLUS interval_expression
          expression ::= * expression OP_MULTIPLY|OP_DIVIDE expression
          expression ::= * expression OP_LIKE expression
          expression ::= * expression OP_NOT OP_LIKE expression
          expression ::= expression OP_NOT OP_LIKE * expression
          expression ::= * expression OP_REGEXP expression
          expression ::= * expression OP_NOT OP_REGEXP expression
          expression ::= * expression OP_IN LEFT_PAREN expression comma_expressions_opt RIGHT_PAREN
          expression ::= * expression OP_NOT OP_IN LEFT_PAREN expression comma_expressions_opt RIGHT_PAREN
          expression ::= * expression OP_IN select_subquery_part
          expression ::= * expression OP_NOT OP_IN select_subquery_part
          expression ::= * OP_MINUS expression
          expression ::= * OP_BANG|OP_NOT expression
          expression ::= * LEFT_PAREN expression RIGHT_PAREN
          expression ::= * LITERAL LEFT_PAREN func_args RIGHT_PAREN
          expression ::= * COLUMN
          expression ::= * LITERAL
          expression ::= * QUOTED
          expression ::= * PLACEHOLDER
          expression ::= * VARIABLE
          expression ::= * AT LITERAL
          expression ::= * AT QUOTED
          expression ::= * NUMBER
          expression ::= * NULL

                        OP_NOT shift  25
                      OP_MINUS shift  27
                       OP_BANG shift  25
                    LEFT_PAREN shift  24
                       LITERAL shift  91
                        QUOTED shift  121
                        NUMBER shift  126
                     OP_EXISTS shift  44
                        COLUMN shift  120
                   PLACEHOLDER shift  109
                      VARIABLE shift  122
                            AT shift  73
                          NULL shift  127
                    expression shift  65

State 32:
          expression ::= * OP_EXISTS select_subquery_part
          expression ::= * expression OP_EQ|OP_NE|OP_GT|OP_GTEQ|OP_LT|OP_LTEQ expression
          expression ::= * expression OP_OR|OP_AND expression
          expression ::= * expression OP_MINUS|OP_PLUS interval_expression
          expression ::= * expression OP_MULTIPLY|OP_DIVIDE expression
          expression ::= * expression OP_LIKE expression
          expression ::= * expression OP_NOT OP_LIKE expression
          expression ::= * expression OP_REGEXP expression
          expression ::= expression OP_REGEXP * expression
          expression ::= * expression OP_NOT OP_REGEXP expression
          expression ::= * expression OP_IN LEFT_PAREN expression comma_expressions_opt RIGHT_PAREN
          expression ::= * expression OP_NOT OP_IN LEFT_PAREN expression comma_expressions_opt RIGHT_PAREN
          expression ::= * expression OP_IN select_subquery_part
          expression ::= * expression OP_NOT OP_IN select_subquery_part
          expression ::= * OP_MINUS expression
          expression ::= * OP_BANG|OP_NOT expression
          expression ::= * LEFT_PAREN expression RIGHT_PAREN
          expression ::= * LITERAL LEFT_PAREN func_args RIGHT_PAREN
          expression ::= * COLUMN
          expression ::= * LITERAL
          expression ::= * QUOTED
          expression ::= * PLACEHOLDER
          expression ::= * VARIABLE
          expression ::= * AT LITERAL
          expression ::= * AT QUOTED
          expression ::= * NUMBER
          expression ::= * NULL

                        OP_NOT shift  25
                      OP_MINUS shift  27
                       OP_BANG shift  25
                    LEFT_PAREN shift  24
                       LITERAL shift  91
                        QUOTED shift  121
                        NUMBER shift  126
                     OP_EXISTS shift  44
                        COLUMN shift  120
                   PLACEHOLDER shift  109
                      VARIABLE shift  122
                            AT shift  73
                          NULL shift  127
                    expression shift  68

State 33:
          select_subquery_part ::= * LEFT_PAREN select_clause from_clause where_clause order_clause RIGHT_PAREN
          from_clause ::= FROM * LITERAL
          from_clause ::= FROM * select_subquery_part

                    LEFT_PAREN shift  45
                       LITERAL shift  94
          select_subquery_part shift  95

State 34:
          start ::= select_paren select_union * trailing_semicolon
          trailing_semicolon ::= * SEMICOLON
      (3) trailing_semicolon ::= *
          select_union ::= select_union * OP_UNION select_paren
          select_union ::= select_union * OP_UNION OP_DISTINCT select_paren

                     SEMICOLON shift  105
                      OP_UNION shift  35
            trailing_semicolon shift  102
                     {default} reduce 3

State 35:
          select_paren ::= * LEFT_PAREN select_query_part RIGHT_PAREN
          select_union ::= select_union OP_UNION * select_paren
          select_union ::= select_union OP_UNION * OP_DISTINCT select_paren

                    LEFT_PAREN shift  14
                   OP_DISTINCT shift  38
                  select_paren shift  104

State 36:
          select_subquery_part ::= * LEFT_PAREN select_clause from_clause where_clause order_clause RIGHT_PAREN
          expression ::= expression OP_IN * LEFT_PAREN expression comma_expressions_opt RIGHT_PAREN
          expression ::= expression OP_IN * select_subquery_part

                    LEFT_PAREN shift  4
          select_subquery_part shift  136

State 37:
          select_subquery_part ::= * LEFT_PAREN select_clause from_clause where_clause order_clause RIGHT_PAREN
          expression ::= expression OP_NOT OP_IN * LEFT_PAREN expression comma_expressions_opt RIGHT_PAREN
          expression ::= expression OP_NOT OP_IN * select_subquery_part

                    LEFT_PAREN shift  6
          select_subquery_part shift  108

State 38:
          select_paren ::= * LEFT_PAREN select_query_part RIGHT_PAREN
          select_union ::= select_union OP_UNION OP_DISTINCT * select_paren

                    LEFT_PAREN shift  14
                  select_paren shift  137

State 39:
          select_field ::= select_subquery_part * alias_optional
          alias_optional ::= * AS LITERAL
          alias_optional ::= * AS QUOTED
     (18) alias_optional ::= *

                            AS shift  74
                alias_optional shift  107
                     {default} reduce 18

State 40:
          start ::= select_query_part * trailing_semicolon
          trailing_semicolon ::= * SEMICOLON
      (3) trailing_semicolon ::= *

                     SEMICOLON shift  105
            trailing_semicolon shift  118
                     {default} reduce 3

State 41:
          select_query_part ::= select_clause from_clause where_clause split_clause group_clause with_rollup_clause order_clause * limit_clause
          limit_clause ::= * LIMIT NUMBER limit_offset_opt
     (44) limit_clause ::= *

                         LIMIT shift  75
                  limit_clause shift  132
                     {default} reduce 44

State 42:
          select_query_part ::= select_clause from_clause where_clause split_clause * group_clause with_rollup_clause order_clause limit_clause
          group_clause ::= * GROUP BY group_expression group_expressions_extra
     (29) group_clause ::= *

                         GROUP shift  80
                  group_clause shift  46
                     {default} reduce 29

State 43:
          select_query_part ::= select_clause from_clause where_clause * split_clause group_clause with_rollup_clause order_clause limit_clause
          split_clause ::= * SPLIT BY split_expression split_expressions_extra
     (24) split_clause ::= *

                         SPLIT shift  85
                  split_clause shift  42
                     {default} reduce 24

State 44:
          select_subquery_part ::= * LEFT_PAREN select_clause from_clause where_clause order_clause RIGHT_PAREN
          expression ::= OP_EXISTS * select_subquery_part

                    LEFT_PAREN shift  45
          select_subquery_part shift  96

State 45:
          select_subquery_part ::= LEFT_PAREN * select_clause from_clause where_clause order_clause RIGHT_PAREN
          select_clause ::= * SELECT select_field select_fields_extra

                        SELECT shift  1
                 select_clause shift  47

State 46:
          select_query_part ::= select_clause from_clause where_clause split_clause group_clause * with_rollup_clause order_clause limit_clause
          with_rollup_clause ::= * WITH ROLLUP
     (34) with_rollup_clause ::= *

                          WITH shift  77
            with_rollup_clause shift  52
                     {default} reduce 34

State 47:
          select_subquery_part ::= LEFT_PAREN select_clause * from_clause where_clause order_clause RIGHT_PAREN
          from_clause ::= * FROM LITERAL
          from_clause ::= * FROM select_subquery_part

                          FROM shift  33
                   from_clause shift  49

State 48:
          select_query_part ::= select_clause from_clause * where_clause split_clause group_clause with_rollup_clause order_clause limit_clause
          where_clause ::= * WHERE expression
     (22) where_clause ::= *

                         WHERE shift  29
                  where_clause shift  43
                     {default} reduce 22

State 49:
          select_subquery_part ::= LEFT_PAREN select_clause from_clause * where_clause order_clause RIGHT_PAREN
          where_clause ::= * WHERE expression
     (22) where_clause ::= *

                         WHERE shift  29
                  where_clause shift  51
                     {default} reduce 22

State 50:
          limit_clause ::= LIMIT NUMBER * limit_offset_opt
          limit_offset_opt ::= * OFFSET NUMBER
     (46) limit_offset_opt ::= *

                        OFFSET shift  86
              limit_offset_opt shift  119
                     {default} reduce 46

State 51:
          select_subquery_part ::= LEFT_PAREN select_clause from_clause where_clause * order_clause RIGHT_PAREN
          order_clause ::= * ORDER BY order_expression comma_order_expression_opt
     (36) order_clause ::= *

                         ORDER shift  87
                  order_clause shift  90
                     {default} reduce 36

State 52:
          select_query_part ::= select_clause from_clause where_clause split_clause group_clause with_rollup_clause * order_clause limit_clause
          order_clause ::= * ORDER BY order_expression comma_order_expression_opt
     (36) order_clause ::= *

                         ORDER shift  87
                  order_clause shift  41
                     {default} reduce 36

State 53:
          select_query_part ::= select_clause * from_clause where_clause split_clause group_clause with_rollup_clause order_clause limit_clause
          from_clause ::= * FROM LITERAL
          from_clause ::= * FROM select_subquery_part

                          FROM shift  33
                   from_clause shift  48

State 54:
          split_clause ::= SPLIT BY split_expression * split_expressions_extra
          split_expressions_extra ::= * split_expressions_extra COMMA split_expression
     (26) split_expressions_extra ::= *

       split_expressions_extra shift  88
                     {default} reduce 26

State 55:
          order_clause ::= ORDER BY order_expression * comma_order_expression_opt
          comma_order_expression_opt ::= * comma_order_expression_opt COMMA order_expression
     (42) comma_order_expression_opt ::= *

    comma_order_expression_opt shift  89
                     {default} reduce 42

State 56:
          select_clause ::= SELECT select_field * select_fields_extra
          select_fields_extra ::= * select_fields_extra COMMA select_field
     (12) select_fields_extra ::= *

           select_fields_extra shift  76
                     {default} reduce 12

State 57:
          start ::= select_paren * select_union trailing_semicolon
          select_union ::= * select_union OP_UNION select_paren
          select_union ::= * select_union OP_UNION OP_DISTINCT select_paren
      (7) select_union ::= *

                  select_union shift  34
                     {default} reduce 7

State 58:
          group_clause ::= GROUP BY group_expression * group_expressions_extra
          group_expressions_extra ::= * group_expressions_extra COMMA group_expression
     (31) group_expressions_extra ::= *

       group_expressions_extra shift  81
                     {default} reduce 31

State 59:
          expression ::= expression * OP_EQ|OP_NE|OP_GT|OP_GTEQ|OP_LT|OP_LTEQ expression
          expression ::= expression * OP_OR|OP_AND expression
          expression ::= expression * OP_MINUS|OP_PLUS interval_expression
          expression ::= expression * OP_MULTIPLY|OP_DIVIDE expression
          expression ::= expression * OP_LIKE expression
          expression ::= expression * OP_NOT OP_LIKE expression
          expression ::= expression * OP_REGEXP expression
          expression ::= expression * OP_NOT OP_REGEXP expression
          expression ::= expression * OP_IN LEFT_PAREN expression comma_expressions_opt RIGHT_PAREN
          expression ::= expression * OP_NOT OP_IN LEFT_PAREN expression comma_expressions_opt RIGHT_PAREN
          expression ::= expression * OP_IN select_subquery_part
          expression ::= expression * OP_NOT OP_IN select_subquery_part
          expression ::= LEFT_PAREN expression * RIGHT_PAREN

                         OP_OR shift  21
                        OP_AND shift  21
                        OP_NOT shift  70
                         OP_EQ shift  22
                         OP_NE shift  22
                         OP_GT shift  22
                       OP_GTEQ shift  22
                         OP_LT shift  22
                       OP_LTEQ shift  22
                         OP_IN shift  36
                       OP_LIKE shift  30
                     OP_REGEXP shift  32
                      OP_MINUS shift  3
                       OP_PLUS shift  3
                   OP_MULTIPLY shift  28
                     OP_DIVIDE shift  28
                   RIGHT_PAREN shift  114

State 60:
     (27) split_expression ::= expression *
          expression ::= expression * OP_EQ|OP_NE|OP_GT|OP_GTEQ|OP_LT|OP_LTEQ expression
          expression ::= expression * OP_OR|OP_AND expression
          expression ::= expression * OP_MINUS|OP_PLUS interval_expression
          expression ::= expression * OP_MULTIPLY|OP_DIVIDE expression
          expression ::= expression * OP_LIKE expression
          expression ::= expression * OP_NOT OP_LIKE expression
          expression ::= expression * OP_REGEXP expression
          expression ::= expression * OP_NOT OP_REGEXP expression
          expression ::= expression * OP_IN LEFT_PAREN expression comma_expressions_opt RIGHT_PAREN
          expression ::= expression * OP_NOT OP_IN LEFT_PAREN expression comma_expressions_opt RIGHT_PAREN
          expression ::= expression * OP_IN select_subquery_part
          expression ::= expression * OP_NOT OP_IN select_subquery_part

                         OP_OR shift  21
                        OP_AND shift  21
                        OP_NOT shift  70
                         OP_EQ shift  22
                         OP_NE shift  22
                         OP_GT shift  22
                       OP_GTEQ shift  22
                         OP_LT shift  22
                       OP_LTEQ shift  22
                         OP_IN shift  36
                       OP_LIKE shift  30
                     OP_REGEXP shift  32
                      OP_MINUS shift  3
                       OP_PLUS shift  3
                   OP_MULTIPLY shift  28
                     OP_DIVIDE shift  28
                     {default} reduce 27

State 61:
          expression ::= expression * OP_EQ|OP_NE|OP_GT|OP_GTEQ|OP_LT|OP_LTEQ expression
          expression ::= expression * OP_OR|OP_AND expression
          expression ::= expression * OP_MINUS|OP_PLUS interval_expression
          expression ::= expression * OP_MULTIPLY|OP_DIVIDE expression
          expression ::= expression * OP_LIKE expression
          expression ::= expression * OP_NOT OP_LIKE expression
          expression ::= expression * OP_REGEXP expression
          expression ::= expression * OP_NOT OP_REGEXP expression
          expression ::= expression * OP_IN LEFT_PAREN expression comma_expressions_opt RIGHT_PAREN
          expression ::= expression * OP_NOT OP_IN LEFT_PAREN expression comma_expressions_opt RIGHT_PAREN
          expression ::= expression * OP_IN select_subquery_part
          expression ::= expression * OP_NOT OP_IN select_subquery_part
     (77) comma_expressions_opt ::= comma_expressions_opt COMMA expression *

                         OP_OR shift  21
                        OP_AND shift  21
                        OP_NOT shift  70
                         OP_EQ shift  22
                         OP_NE shift  22
                         OP_GT shift  22
                       OP_GTEQ shift  22
                         OP_LT shift  22
                       OP_LTEQ shift  22
                         OP_IN shift  36
                       OP_LIKE shift  30
                     OP_REGEXP shift  32
                      OP_MINUS shift  3
                       OP_PLUS shift  3
                   OP_MULTIPLY shift  28
                     OP_DIVIDE shift  28
                     {default} reduce 77

State 62:
          expression ::= expression * OP_EQ|OP_NE|OP_GT|OP_GTEQ|OP_LT|OP_LTEQ expression
          expression ::= expression * OP_OR|OP_AND expression
          expression ::= expression * OP_MINUS|OP_PLUS interval_expression
     (52) interval_expression ::= expression *
          expression ::= expression * OP_MULTIPLY|OP_DIVIDE expression
          expression ::= expression * OP_LIKE expression
          expression ::= expression * OP_NOT OP_LIKE expression
          expression ::= expression * OP_REGEXP expression
          expression ::= expression * OP_NOT OP_REGEXP expression
          expression ::= expression * OP_IN LEFT_PAREN expression comma_expressions_opt RIGHT_PAREN
          expression ::= expression * OP_NOT OP_IN LEFT_PAREN expression comma_expressions_opt RIGHT_PAREN
          expression ::= expression * OP_IN select_subquery_part
          expression ::= expression * OP_NOT OP_IN select_subquery_part

                         OP_OR shift  21
                         OP_OR reduce 52  ** Parsing conflict **
                        OP_AND shift  21
                        OP_AND reduce 52  ** Parsing conflict **
                        OP_NOT shift  70
                        OP_NOT reduce 52  ** Parsing conflict **
                         OP_EQ shift  22
                         OP_EQ reduce 52  ** Parsing conflict **
                         OP_NE shift  22
                         OP_NE reduce 52  ** Parsing conflict **
                         OP_GT shift  22
                         OP_GT reduce 52  ** Parsing conflict **
                       OP_GTEQ shift  22
                       OP_GTEQ reduce 52  ** Parsing conflict **
                         OP_LT shift  22
                         OP_LT reduce 52  ** Parsing conflict **
                       OP_LTEQ shift  22
                       OP_LTEQ reduce 52  ** Parsing conflict **
                         OP_IN shift  36
                         OP_IN reduce 52  ** Parsing conflict **
                       OP_LIKE shift  30
                       OP_LIKE reduce 52  ** Parsing conflict **
                     OP_REGEXP shift  32
                     OP_REGEXP reduce 52  ** Parsing conflict **
                      OP_MINUS shift  3
                      OP_MINUS reduce 52  ** Parsing conflict **
                       OP_PLUS shift  3
                       OP_PLUS reduce 52  ** Parsing conflict **
                   OP_MULTIPLY shift  28
                   OP_MULTIPLY reduce 52  ** Parsing conflict **
                     OP_DIVIDE shift  28
                     OP_DIVIDE reduce 52  ** Parsing conflict **
                     {default} reduce 52

State 63:
     (21) where_clause ::= WHERE expression *
          expression ::= expression * OP_EQ|OP_NE|OP_GT|OP_GTEQ|OP_LT|OP_LTEQ expression
          expression ::= expression * OP_OR|OP_AND expression
          expression ::= expression * OP_MINUS|OP_PLUS interval_expression
          expression ::= expression * OP_MULTIPLY|OP_DIVIDE expression
          expression ::= expression * OP_LIKE expression
          expression ::= expression * OP_NOT OP_LIKE expression
          expression ::= expression * OP_REGEXP expression
          expression ::= expression * OP_NOT OP_REGEXP expression
          expression ::= expression * OP_IN LEFT_PAREN expression comma_expressions_opt RIGHT_PAREN
          expression ::= expression * OP_NOT OP_IN LEFT_PAREN expression comma_expressions_opt RIGHT_PAREN
          expression ::= expression * OP_IN select_subquery_part
          expression ::= expression * OP_NOT OP_IN select_subquery_part

                         OP_OR shift  21
                        OP_AND shift  21
                        OP_NOT shift  70
                         OP_EQ shift  22
                         OP_NE shift  22
                         OP_GT shift  22
                       OP_GTEQ shift  22
                         OP_LT shift  22
                       OP_LTEQ shift  22
                         OP_IN shift  36
                       OP_LIKE shift  30
                     OP_REGEXP shift  32
                      OP_MINUS shift  3
                       OP_PLUS shift  3
                   OP_MULTIPLY shift  28
                     OP_DIVIDE shift  28
                     {default} reduce 21

State 64:
          expression ::= expression * OP_EQ|OP_NE|OP_GT|OP_GTEQ|OP_LT|OP_LTEQ expression
          expression ::= expression * OP_OR|OP_AND expression
     (49) expression ::= expression OP_OR|OP_AND expression *
          expression ::= expression * OP_MINUS|OP_PLUS interval_expression
          expression ::= expression * OP_MULTIPLY|OP_DIVIDE expression
          expression ::= expression * OP_LIKE expression
          expression ::= expression * OP_NOT OP_LIKE expression
          expression ::= expression * OP_REGEXP expression
          expression ::= expression * OP_NOT OP_REGEXP expression
          expression ::= expression * OP_IN LEFT_PAREN expression comma_expressions_opt RIGHT_PAREN
          expression ::= expression * OP_NOT OP_IN LEFT_PAREN expression comma_expressions_opt RIGHT_PAREN
          expression ::= expression * OP_IN select_subquery_part
          expression ::= expression * OP_NOT OP_IN select_subquery_part

                        OP_AND shift  21
                        OP_NOT shift  70
                         OP_EQ shift  22
                         OP_NE shift  22
                         OP_GT shift  22
                       OP_GTEQ shift  22
                         OP_LT shift  22
                       OP_LTEQ shift  22
                         OP_IN shift  36
                       OP_LIKE shift  30
                     OP_REGEXP shift  32
                      OP_MINUS shift  3
                       OP_PLUS shift  3
                   OP_MULTIPLY shift  28
                     OP_DIVIDE shift  28
                     {default} reduce 49

State 65:
          expression ::= expression * OP_EQ|OP_NE|OP_GT|OP_GTEQ|OP_LT|OP_LTEQ expression
          expression ::= expression * OP_OR|OP_AND expression
          expression ::= expression * OP_MINUS|OP_PLUS interval_expression
          expression ::= expression * OP_MULTIPLY|OP_DIVIDE expression
          expression ::= expression * OP_LIKE expression
          expression ::= expression * OP_NOT OP_LIKE expression
     (55) expression ::= expression OP_NOT OP_LIKE expression *
          expression ::= expression * OP_REGEXP expression
          expression ::= expression * OP_NOT OP_REGEXP expression
          expression ::= expression * OP_IN LEFT_PAREN expression comma_expressions_opt RIGHT_PAREN
          expression ::= expression * OP_NOT OP_IN LEFT_PAREN expression comma_expressions_opt RIGHT_PAREN
          expression ::= expression * OP_IN select_subquery_part
          expression ::= expression * OP_NOT OP_IN select_subquery_part

                        OP_NOT shift  70
                         OP_EQ shift  22
                         OP_NE shift  22
                         OP_GT shift  22
                       OP_GTEQ shift  22
                         OP_LT shift  22
                       OP_LTEQ shift  22
                         OP_IN shift  36
                       OP_LIKE shift  30
                     OP_REGEXP shift  32
                      OP_MINUS shift  3
                       OP_PLUS shift  3
                   OP_MULTIPLY shift  28
                     OP_DIVIDE shift  28
                     {default} reduce 55

State 66:
          expression ::= expression * OP_EQ|OP_NE|OP_GT|OP_GTEQ|OP_LT|OP_LTEQ expression
          expression ::= expression * OP_OR|OP_AND expression
          expression ::= expression * OP_MINUS|OP_PLUS interval_expression
          expression ::= expression * OP_MULTIPLY|OP_DIVIDE expression
          expression ::= expression * OP_LIKE expression
          expression ::= expression * OP_NOT OP_LIKE expression
          expression ::= expression * OP_REGEXP expression
          expression ::= expression * OP_NOT OP_REGEXP expression
     (57) expression ::= expression OP_NOT OP_REGEXP expression *
          expression ::= expression * OP_IN LEFT_PAREN expression comma_expressions_opt RIGHT_PAREN
          expression ::= expression * OP_NOT OP_IN LEFT_PAREN expression comma_expressions_opt RIGHT_PAREN
          expression ::= expression * OP_IN select_subquery_part
          expression ::= expression * OP_NOT OP_IN select_subquery_part

                        OP_NOT shift  70
                         OP_EQ shift  22
                         OP_NE shift  22
                         OP_GT shift  22
                       OP_GTEQ shift  22
                         OP_LT shift  22
                       OP_LTEQ shift  22
                         OP_IN shift  36
                       OP_LIKE shift  30
                     OP_REGEXP shift  32
                      OP_MINUS shift  3
                       OP_PLUS shift  3
                   OP_MULTIPLY shift  28
                     OP_DIVIDE shift  28
                     {default} reduce 57

State 67:
          expression ::= expression * OP_EQ|OP_NE|OP_GT|OP_GTEQ|OP_LT|OP_LTEQ expression
          expression ::= expression * OP_OR|OP_AND expression
          expression ::= expression * OP_MINUS|OP_PLUS interval_expression
          expression ::= expression * OP_MULTIPLY|OP_DIVIDE expression
          expression ::= expression * OP_LIKE expression
     (54) expression ::= expression OP_LIKE expression *
          expression ::= expression * OP_NOT OP_LIKE expression
          expression ::= expression * OP_REGEXP expression
          expression ::= expression * OP_NOT OP_REGEXP expression
          expression ::= expression * OP_IN LEFT_PAREN expression comma_expressions_opt RIGHT_PAREN
          expression ::= expression * OP_NOT OP_IN LEFT_PAREN expression comma_expressions_opt RIGHT_PAREN
          expression ::= expression * OP_IN select_subquery_part
          expression ::= expression * OP_NOT OP_IN select_subquery_part

                      OP_MINUS shift  3
                       OP_PLUS shift  3
                   OP_MULTIPLY shift  28
                     OP_DIVIDE shift  28
                     {default} reduce 54

State 68:
          expression ::= expression * OP_EQ|OP_NE|OP_GT|OP_GTEQ|OP_LT|OP_LTEQ expression
          expression ::= expression * OP_OR|OP_AND expression
          expression ::= expression * OP_MINUS|OP_PLUS interval_expression
          expression ::= expression * OP_MULTIPLY|OP_DIVIDE expression
          expression ::= expression * OP_LIKE expression
          expression ::= expression * OP_NOT OP_LIKE expression
          expression ::= expression * OP_REGEXP expression
     (56) expression ::= expression OP_REGEXP expression *
          expression ::= expression * OP_NOT OP_REGEXP expression
          expression ::= expression * OP_IN LEFT_PAREN expression comma_expressions_opt RIGHT_PAREN
          expression ::= expression * OP_NOT OP_IN LEFT_PAREN expression comma_expressions_opt RIGHT_PAREN
          expression ::= expression * OP_IN select_subquery_part
          expression ::= expression * OP_NOT OP_IN select_subquery_part

                      OP_MINUS shift  3
                       OP_PLUS shift  3
                   OP_MULTIPLY shift  28
                     OP_DIVIDE shift  28
                     {default} reduce 56

State 69:
          expression ::= expression * OP_EQ|OP_NE|OP_GT|OP_GTEQ|OP_LT|OP_LTEQ expression
     (48) expression ::= expression OP_EQ|OP_NE|OP_GT|OP_GTEQ|OP_LT|OP_LTEQ expression *
          expression ::= expression * OP_OR|OP_AND expression
          expression ::= expression * OP_MINUS|OP_PLUS interval_expression
          expression ::= expression * OP_MULTIPLY|OP_DIVIDE expression
          expression ::= expression * OP_LIKE expression
          expression ::= expression * OP_NOT OP_LIKE expression
          expression ::= expression * OP_REGEXP expression
          expression ::= expression * OP_NOT OP_REGEXP expression
          expression ::= expression * OP_IN LEFT_PAREN expression comma_expressions_opt RIGHT_PAREN
          expression ::= expression * OP_NOT OP_IN LEFT_PAREN expression comma_expressions_opt RIGHT_PAREN
          expression ::= expression * OP_IN select_subquery_part
          expression ::= expression * OP_NOT OP_IN select_subquery_part

                      OP_MINUS shift  3
                       OP_PLUS shift  3
                   OP_MULTIPLY shift  28
                     OP_DIVIDE shift  28
                     {default} reduce 48

State 70:
          expression ::= expression OP_NOT * OP_LIKE expression
          expression ::= expression OP_NOT * OP_REGEXP expression
          expression ::= expression OP_NOT * OP_IN LEFT_PAREN expression comma_expressions_opt RIGHT_PAREN
          expression ::= expression OP_NOT * OP_IN select_subquery_part

                         OP_IN shift  37
                       OP_LIKE shift  31
                     OP_REGEXP shift  26

State 71:
          expression ::= expression OP_NOT OP_IN LEFT_PAREN expression comma_expressions_opt * RIGHT_PAREN
          comma_expressions_opt ::= comma_expressions_opt * COMMA expression

                   RIGHT_PAREN shift  123
                         COMMA shift  23

State 72:
          expression ::= expression OP_IN LEFT_PAREN expression comma_expressions_opt * RIGHT_PAREN
          comma_expressions_opt ::= comma_expressions_opt * COMMA expression

                   RIGHT_PAREN shift  135
                         COMMA shift  23

State 73:
          expression ::= AT * LITERAL
          expression ::= AT * QUOTED

                       LITERAL shift  124
                        QUOTED shift  125

State 74:
          alias_optional ::= AS * LITERAL
          alias_optional ::= AS * QUOTED

                       LITERAL shift  130
                        QUOTED shift  131

State 75:
          limit_clause ::= LIMIT * NUMBER limit_offset_opt

                        NUMBER shift  50

State 76:
     (10) select_clause ::= SELECT select_field select_fields_extra *
          select_fields_extra ::= select_fields_extra * COMMA select_field

                         COMMA shift  2
                     {default} reduce 10

State 77:
          with_rollup_clause ::= WITH * ROLLUP

                        ROLLUP shift  98

State 78:
          expression ::= LITERAL LEFT_PAREN func_args * RIGHT_PAREN

                   RIGHT_PAREN shift  128

State 79:
          interval_expression ::= INTERVAL * NUMBER LITERAL

                        NUMBER shift  82

State 80:
          group_clause ::= GROUP * BY group_expression group_expressions_extra

                            BY shift  7

State 81:
     (28) group_clause ::= GROUP BY group_expression group_expressions_extra *
          group_expressions_extra ::= group_expressions_extra * COMMA group_expression

                         COMMA shift  11
                     {default} reduce 28

State 82:
          interval_expression ::= INTERVAL NUMBER * LITERAL

                       LITERAL shift  92

State 83:
          select_paren ::= LEFT_PAREN select_query_part * RIGHT_PAREN

                   RIGHT_PAREN shift  99

State 84:
     (75) func_args ::= expression comma_expressions_opt *
          comma_expressions_opt ::= comma_expressions_opt * COMMA expression

                         COMMA shift  23
                     {default} reduce 75

State 85:
          split_clause ::= SPLIT * BY split_expression split_expressions_extra

                            BY shift  12

State 86:
          limit_offset_opt ::= OFFSET * NUMBER

                        NUMBER shift  117

State 87:
          order_clause ::= ORDER * BY order_expression comma_order_expression_opt

                            BY shift  8

State 88:
     (23) split_clause ::= SPLIT BY split_expression split_expressions_extra *
          split_expressions_extra ::= split_expressions_extra * COMMA split_expression

                         COMMA shift  13
                     {default} reduce 23

State 89:
     (35) order_clause ::= ORDER BY order_expression comma_order_expression_opt *
          comma_order_expression_opt ::= comma_order_expression_opt * COMMA order_expression

                         COMMA shift  9
                     {default} reduce 35

State 90:
          select_subquery_part ::= LEFT_PAREN select_clause from_clause where_clause order_clause * RIGHT_PAREN

                   RIGHT_PAREN shift  93

State 91:
          expression ::= LITERAL * LEFT_PAREN func_args RIGHT_PAREN
     (67) expression ::= LITERAL *

                    LEFT_PAREN shift  10
                     {default} reduce 67

State 92:
     (51) interval_expression ::= INTERVAL NUMBER LITERAL *

                     {default} reduce 51

State 93:
      (9) select_subquery_part ::= LEFT_PAREN select_clause from_clause where_clause order_clause RIGHT_PAREN *

                     {default} reduce 9

State 94:
     (19) from_clause ::= FROM LITERAL *

                     {default} reduce 19

State 95:
     (20) from_clause ::= FROM select_subquery_part *

                     {default} reduce 20

State 96:
     (47) expression ::= OP_EXISTS select_subquery_part *

                     {default} reduce 47

State 97:
     (41) comma_order_expression_opt ::= comma_order_expression_opt COMMA order_expression *

                     {default} reduce 41

State 98:
     (33) with_rollup_clause ::= WITH ROLLUP *

                     {default} reduce 33

State 99:
      (4) select_paren ::= LEFT_PAREN select_query_part RIGHT_PAREN *

                     {default} reduce 4

State 100:
     (50) expression ::= expression OP_MINUS|OP_PLUS interval_expression *

                     {default} reduce 50

State 101:
     (32) group_expression ::= expression alias_optional *

                     {default} reduce 32

State 102:
      (1) start ::= select_paren select_union trailing_semicolon *

                     {default} reduce 1

State 103:
     (25) split_expressions_extra ::= split_expressions_extra COMMA split_expression *

                     {default} reduce 25

State 104:
      (5) select_union ::= select_union OP_UNION select_paren *

                     {default} reduce 5

State 105:
      (2) trailing_semicolon ::= SEMICOLON *

                     {default} reduce 2

State 106:
     (30) group_expressions_extra ::= group_expressions_extra COMMA group_expression *

                     {default} reduce 30

State 107:
     (13) select_field ::= select_subquery_part alias_optional *

                     {default} reduce 13

State 108:
     (61) expression ::= expression OP_NOT OP_IN select_subquery_part *

                     {default} reduce 61

State 109:
     (69) expression ::= PLACEHOLDER *

                     {default} reduce 69

State 110:
          expression ::= expression * OP_EQ|OP_NE|OP_GT|OP_GTEQ|OP_LT|OP_LTEQ expression
          expression ::= expression * OP_OR|OP_AND expression
          expression ::= expression * OP_MINUS|OP_PLUS interval_expression
          expression ::= expression * OP_MULTIPLY|OP_DIVIDE expression
     (53) expression ::= expression OP_MULTIPLY|OP_DIVIDE expression *
          expression ::= expression * OP_LIKE expression
          expression ::= expression * OP_NOT OP_LIKE expression
          expression ::= expression * OP_REGEXP expression
          expression ::= expression * OP_NOT OP_REGEXP expression
          expression ::= expression * OP_IN LEFT_PAREN expression comma_expressions_opt RIGHT_PAREN
          expression ::= expression * OP_NOT OP_IN LEFT_PAREN expression comma_expressions_opt RIGHT_PAREN
          expression ::= expression * OP_IN select_subquery_part
          expression ::= expression * OP_NOT OP_IN select_subquery_part

                     {default} reduce 53

State 111:
     (39) direction_opt ::= DESC *

                     {default} reduce 39

State 112:
     (38) direction_opt ::= ASC *

                     {default} reduce 38

State 113:
     (37) order_expression ::= expression direction_opt *

                     {default} reduce 37

State 114:
     (64) expression ::= LEFT_PAREN expression RIGHT_PAREN *

                     {default} reduce 64

State 115:
          expression ::= expression * OP_EQ|OP_NE|OP_GT|OP_GTEQ|OP_LT|OP_LTEQ expression
          expression ::= expression * OP_OR|OP_AND expression
          expression ::= expression * OP_MINUS|OP_PLUS interval_expression
          expression ::= expression * OP_MULTIPLY|OP_DIVIDE expression
          expression ::= expression * OP_LIKE expression
          expression ::= expression * OP_NOT OP_LIKE expression
          expression ::= expression * OP_REGEXP expression
          expression ::= expression * OP_NOT OP_REGEXP expression
          expression ::= expression * OP_IN LEFT_PAREN expression comma_expressions_opt RIGHT_PAREN
          expression ::= expression * OP_NOT OP_IN LEFT_PAREN expression comma_expressions_opt RIGHT_PAREN
          expression ::= expression * OP_IN select_subquery_part
          expression ::= expression * OP_NOT OP_IN select_subquery_part
     (62) expression ::= OP_MINUS expression *

                     {default} reduce 62

State 116:
          expression ::= expression * OP_EQ|OP_NE|OP_GT|OP_GTEQ|OP_LT|OP_LTEQ expression
          expression ::= expression * OP_OR|OP_AND expression
          expression ::= expression * OP_MINUS|OP_PLUS interval_expression
          expression ::= expression * OP_MULTIPLY|OP_DIVIDE expression
          expression ::= expression * OP_LIKE expression
          expression ::= expression * OP_NOT OP_LIKE expression
          expression ::= expression * OP_REGEXP expression
          expression ::= expression * OP_NOT OP_REGEXP expression
          expression ::= expression * OP_IN LEFT_PAREN expression comma_expressions_opt RIGHT_PAREN
          expression ::= expression * OP_NOT OP_IN LEFT_PAREN expression comma_expressions_opt RIGHT_PAREN
          expression ::= expression * OP_IN select_subquery_part
          expression ::= expression * OP_NOT OP_IN select_subquery_part
     (63) expression ::= OP_BANG|OP_NOT expression *

                     {default} reduce 63

State 117:
     (45) limit_offset_opt ::= OFFSET NUMBER *

                     {default} reduce 45

State 118:
      (0) start ::= select_query_part trailing_semicolon *

                     {default} reduce 0

State 119:
     (43) limit_clause ::= LIMIT NUMBER limit_offset_opt *

                     {default} reduce 43

State 120:
     (66) expression ::= COLUMN *

                     {default} reduce 66

State 121:
     (68) expression ::= QUOTED *

                     {default} reduce 68

State 122:
     (70) expression ::= VARIABLE *

                     {default} reduce 70

State 123:
     (59) expression ::= expression OP_NOT OP_IN LEFT_PAREN expression comma_expressions_opt RIGHT_PAREN *

                     {default} reduce 59

State 124:
     (71) expression ::= AT LITERAL *

                     {default} reduce 71

State 125:
     (72) expression ::= AT QUOTED *

                     {default} reduce 72

State 126:
     (73) expression ::= NUMBER *

                     {default} reduce 73

State 127:
     (74) expression ::= NULL *

                     {default} reduce 74

State 128:
     (65) expression ::= LITERAL LEFT_PAREN func_args RIGHT_PAREN *

                     {default} reduce 65

State 129:
     (11) select_fields_extra ::= select_fields_extra COMMA select_field *

                     {default} reduce 11

State 130:
     (16) alias_optional ::= AS LITERAL *

                     {default} reduce 16

State 131:
     (17) alias_optional ::= AS QUOTED *

                     {default} reduce 17

State 132:
      (8) select_query_part ::= select_clause from_clause where_clause split_clause group_clause with_rollup_clause order_clause limit_clause *

                     {default} reduce 8

State 133:
     (14) select_field ::= expression alias_optional *

                     {default} reduce 14

State 134:
     (15) select_field ::= COLUMN_STAR *

                     {default} reduce 15

State 135:
     (58) expression ::= expression OP_IN LEFT_PAREN expression comma_expressions_opt RIGHT_PAREN *

                     {default} reduce 58

State 136:
     (60) expression ::= expression OP_IN select_subquery_part *

                     {default} reduce 60

State 137:
      (6) select_union ::= select_union OP_UNION OP_DISTINCT select_paren *

                     {default} reduce 6

